{"type":"FeatureCollection","features":[{"type":"Feature","id":100648,"geometry":{"type":"Polygon","coordinates":[[[-92.399274473,35.6110800340001],[-92.400212294,35.609832726],[-92.402681017,35.609348492],[-92.4051284239999,35.6106238610001],[-92.405113348,35.6118761970001],[-92.400176728,35.6128447610001],[-92.399274473,35.6110800340001]]]},"properties":{"OBJECTID":100648,"MapUnit":"PNsm","IdentityConfidence":"certain","Label":null,"Symbol":"503","DataSourceID":"1032","Notes":null,"MapUnitPolys_ID":"8_100648","MapSourceID":"map49","Source_MapUnit":"49|PNa-OZ","Name":"Sedimentary rocks","Age":"Middle Pennsylvanian","color_rgba":[153,204,255,255],"fill":"#99ccff","fillOpacity":1.0}},{"type":"Feature","id":101143,"geometry":{"type":"Polygon","coordinates":[[[-92.0704955859999,35.5372382240001],[-92.074513027,35.53602296],[-92.07519739,35.5317581790001],[-92.0776651,35.531281145],[-92.079189925,35.532053558],[-92.079570679,35.5388768660001],[-92.07077829,35.538748023],[-92.0704955859999,35.5372382240001]]]},"properties":{"OBJECTID":101143,"MapUnit":"PNse","IdentityConfidence":"certain","Label":null,"Symbol":"604","DataSourceID":"1032","Notes":null,"MapUnitPolys_ID":"8_101143","MapSourceID":"map49","Source_MapUnit":"49|PNbh","Name":"Sedimentary rocks","Age":"Early Pennsylvanian","color_rgba":[128,179,255,255],"fill":"#80b3ff","fillOpacity":1.0}},{"type":"Feature","id":101232,"geometry":{"type":"Polygon","coordinates":[[[-92.052271602,35.5420707910001],[-92.054199652,35.537061651],[-92.057028562,35.533324067],[-92.0555168,35.5318020920001],[-92.054656821,35.5280263330001],[-92.055636797,35.524519814],[-92.054739447,35.523001649],[-92.051598617,35.5269864700001],[-92.049451098,35.526710747],[-92.047652338,35.523930174],[-92.0667691899999,35.520614616],[-92.064875912,35.52361039],[-92.0669988399999,35.5253919690001],[-92.066658547,35.5273983160001],[-92.063530774,35.530629457],[-92.062845763,35.534896453],[-92.0590659109999,35.540383729],[-92.052271602,35.5420707910001]]]},"properties":{"OBJECTID":101232,"MapUnit":"PNse","IdentityConfidence":"certain","Label":null,"Symbol":"604","DataSourceID":"1032","Notes":null,"MapUnitPolys_ID":"8_101232","MapSourceID":"map49","Source_MapUnit":"49|PNbh","Name":"Sedimentary rocks","Age":"Early Pennsylvanian","color_rgba":[128,179,255,255],"fill":"#80b3ff","fillOpacity":1.0}},{"type":"Feature","id":101057,"geometry":{"type":"Polygon","coordinates":[[[-92.153068338,35.7091880740001],[-92.140179041,35.7055429860001],[-92.1355329679999,35.707004237],[-92.122274273,35.707372563],[-92.1201289099999,35.706597577],[-92.1383955649999,35.7012528170001],[-92.1402678169999,35.6997654830001],[-92.139713604,35.6957403920001],[-92.145633613,35.691526669],[-92.149087648,35.687288816],[-92.150773685,35.677755479],[-92.149055861,35.6691943450001],[-92.151927533,35.6626909010001],[-92.152049642,35.6546537410001],[-92.15581743,35.649916514],[-92.151462323,35.6325343830001],[-92.151292199,35.623487878],[-92.152219138,35.623248049],[-92.155540945,35.6275478750001],[-92.162329789,35.646962783],[-92.162269131,35.650981931],[-92.1600529359999,35.6549799860001],[-92.1596916889999,35.6584954590001],[-92.160855403,35.6630310190001],[-92.157067807,35.669024957],[-92.159000184,35.6838676470001],[-92.16741146,35.698272074],[-92.1661712919999,35.6987618470001],[-92.163439231,35.695971243],[-92.157406413,35.687372393],[-92.151079747,35.698114155],[-92.15071798,35.7016252340001],[-92.153068338,35.7091880740001]]]},"properties":{"OBJECTID":101057,"MapUnit":"PNse","IdentityConfidence":"certain","Label":null,"Symbol":"604","DataSourceID":"1032","Notes":null,"MapUnitPolys_ID":"8_101057","MapSourceID":"map49","Source_MapUnit":"49|PNhc","Name":"Sedimentary rocks","Age":"Early Pennsylvanian","color_rgba":[128,179,255,255],"fill":"#80b3ff","fillOpacity":1.0}},{"type":"Feature","id":101220,"geometry":{"type":"Polygon","coordinates":[[[-92.08638239,35.5245898470001],[-92.079041229,35.5222533360001],[-92.080934282,35.519256983],[-92.0833810889999,35.520038824],[-92.085852438,35.5193080220001],[-92.089490228,35.5192864790001],[-92.087620215,35.524101011],[-92.08638239,35.5245898470001]]]},"properties":{"OBJECTID":101220,"MapUnit":"PNse","IdentityConfidence":"certain","Label":null,"Symbol":"604","DataSourceID":"1032","Notes":null,"MapUnitPolys_ID":"8_101220","MapSourceID":"map49","Source_MapUnit":"49|PNbh","Name":"Sedimentary rocks","Age":"Early Pennsylvanian","color_rgba":[128,179,255,255],"fill":"#80b3ff","fillOpacity":1.0}},{"type":"Feature","id":100932,"geometry":{"type":"Polygon","coordinates":[[[-92.3898973559999,35.553573224],[-92.390136317,35.5517159250001],[-92.388930605,35.54969636],[-92.385888312,35.5469083850001],[-92.3785476,35.5435861330001],[-92.377336521,35.542069709],[-92.3795096379999,35.540325814],[-92.388743651,35.539647648],[-92.3909197139999,35.537654602],[-92.39276789,35.537417804],[-92.39824599,35.54223281],[-92.4086448149999,35.5470843420001],[-92.410152913,35.549606952],[-92.407953151,35.5536090640001],[-92.4042535999999,35.5543366850001],[-92.4014856489999,35.554315063],[-92.3959736,35.5522629290001],[-92.393933223,35.5549822790001],[-92.3898973559999,35.553573224]]]},"properties":{"OBJECTID":100932,"MapUnit":"PNsm","IdentityConfidence":"certain","Label":null,"Symbol":"503","DataSourceID":"1032","Notes":null,"MapUnitPolys_ID":"8_100932","MapSourceID":"map49","Source_MapUnit":"49|PNa-OZ","Name":"Sedimentary rocks","Age":"Middle Pennsylvanian","color_rgba":[153,204,255,255],"fill":"#99ccff","fillOpacity":1.0}},{"type":"Feature","id":101241,"geometry":{"type":"Polygon","coordinates":[[[-92.257412903,35.563426264],[-92.256196454,35.562411098],[-92.25623092,35.55990231],[-92.258104422,35.5579056610001],[-92.263968405,35.556449075],[-92.266715674,35.5579822930001],[-92.2666919869999,35.5597390770001],[-92.259870141,35.5637015560001],[-92.257412903,35.563426264]],[[-92.259836768,35.561692588],[-92.2645457199999,35.559221145],[-92.263640365,35.5579559760001],[-92.259939049,35.5586765360001],[-92.258052589,35.561673629],[-92.259836768,35.561692588]]]},"properties":{"OBJECTID":101241,"MapUnit":"PNse","IdentityConfidence":"certain","Label":null,"Symbol":"604","DataSourceID":"1032","Notes":null,"MapUnitPolys_ID":"8_101241","MapSourceID":"map49","Source_MapUnit":"49|PNbh","Name":"Sedimentary rocks","Age":"Early Pennsylvanian","color_rgba":[128,179,255,255],"fill":"#80b3ff","fillOpacity":1.0}},{"type":"Feature","id":100666,"geometry":{"type":"Polygon","coordinates":[[[-92.389458287,35.5569855950001],[-92.3898973559999,35.553573224],[-92.393933223,35.5549822790001],[-92.392223217,35.5572611420001],[-92.390371691,35.557746997],[-92.389458287,35.5569855950001]]]},"properties":{"OBJECTID":100666,"MapUnit":"PNsm","IdentityConfidence":"certain","Label":null,"Symbol":"503","DataSourceID":"1032","Notes":null,"MapUnitPolys_ID":"8_100666","MapSourceID":"map49","Source_MapUnit":"49|PNa-OZ","Name":"Sedimentary rocks","Age":"Middle Pennsylvanian","color_rgba":[153,204,255,255],"fill":"#99ccff","fillOpacity":1.0}},{"type":"Feature","id":101221,"geometry":{"type":"Polygon","coordinates":[[[-92.046797033,35.519900729],[-92.04808048,35.516649918],[-92.046573082,35.51487201],[-92.046606708,35.5128636810001],[-92.050676986,35.5083840680001],[-92.0528200749999,35.5089088510001],[-92.057974743,35.5132380850001],[-92.0619455039999,35.514788175],[-92.067212339,35.5123284650001],[-92.068429142,35.5130967330001],[-92.063400326,35.519826478],[-92.063695638,35.520584657],[-92.0667691899999,35.520614616],[-92.047652338,35.523930174],[-92.046797033,35.519900729]]]},"properties":{"OBJECTID":101221,"MapUnit":"PNse","IdentityConfidence":"certain","Label":null,"Symbol":"604","DataSourceID":"1032","Notes":null,"MapUnitPolys_ID":"8_101221","MapSourceID":"map49","Source_MapUnit":"49|PNbh","Name":"Sedimentary rocks","Age":"Early Pennsylvanian","color_rgba":[128,179,255,255],"fill":"#80b3ff","fillOpacity":1.0}},{"type":"Feature","id":100860,"geometry":{"type":"Polygon","coordinates":[[[-92.085173439,35.469595423],[-92.0961564739999,35.4626862320001],[-92.119892401,35.45083499],[-92.129475107,35.442916521],[-92.182892012,35.4267697010001],[-92.23212225,35.4127367890001],[-92.255831045,35.4042646390001],[-92.2698838649999,35.398322034],[-92.285996099,35.3898876390001],[-92.314142686,35.3805500170001],[-92.3838910219999,35.345377087],[-92.416260457,35.3280542680001],[-92.4273980899999,35.323566085],[-92.461327925,35.3216081790001],[-92.4778066279999,35.319688452],[-92.483568731,35.3170215810001],[-92.489773451,35.312380438],[-92.498187134,35.309507882],[-92.5078060449999,35.3072382120001],[-92.4951521099999,35.32190846],[-92.4805766119999,35.3322618400001],[-92.4620989749999,35.3392318940001],[-92.4443109009999,35.34267141],[-92.4163369359999,35.345231567],[-92.407740207,35.348092831],[-92.399753642,35.3529592740001],[-92.387279083,35.363223546],[-92.374908725,35.3712186720001],[-92.343521231,35.3858638900001],[-92.332050621,35.3933147230001],[-92.321227863,35.4019201620001],[-92.3161447589999,35.4048843370001],[-92.293067403,35.4114010170001],[-92.210052425,35.4378641060001],[-92.1696299719999,35.4518901220001],[-92.122219681,35.464112147],[-92.113086186,35.468842368],[-92.1084936509999,35.467788967],[-92.104492368,35.4682490120001],[-92.1010856239999,35.469975838],[-92.085173439,35.469595423]]]},"properties":{"OBJECTID":100860,"MapUnit":"PNsm","IdentityConfidence":"certain","Label":null,"Symbol":"503","DataSourceID":"1032","Notes":null,"MapUnitPolys_ID":"8_100860","MapSourceID":"map49","Source_MapUnit":"49|PNa-OZ","Name":"Sedimentary rocks","Age":"Middle Pennsylvanian","color_rgba":[153,204,255,255],"fill":"#99ccff","fillOpacity":1.0}},{"type":"Feature","id":100952,"geometry":{"type":"Polygon","coordinates":[[[-92.346992284,35.607403983],[-92.345164726,35.6058826190001],[-92.344892213,35.6031141920001],[-92.3467636779999,35.601118559],[-92.349231956,35.600635471],[-92.351053075,35.6026619290001],[-92.350399841,35.605671677],[-92.346992284,35.607403983]]]},"properties":{"OBJECTID":100952,"MapUnit":"PNsm","IdentityConfidence":"certain","Label":null,"Symbol":"503","DataSourceID":"1032","Notes":null,"MapUnitPolys_ID":"8_100952","MapSourceID":"map49","Source_MapUnit":"49|PNa-OZ","Name":"Sedimentary rocks","Age":"Middle Pennsylvanian","color_rgba":[153,204,255,255],"fill":"#99ccff","fillOpacity":1.0}},{"type":"Feature","id":101238,"geometry":{"type":"Polygon","coordinates":[[[-92.234651516,35.5850828150001],[-92.237438175,35.5838514970001],[-92.237455832,35.582595386],[-92.235620672,35.582327353],[-92.231284699,35.583797329],[-92.2303833289999,35.5822781840001],[-92.2310272239999,35.5802723090001],[-92.2369217139999,35.576810714],[-92.239382507,35.5768328080001],[-92.242113037,35.5796212560001],[-92.247671375,35.578166417],[-92.2491613129999,35.581694456],[-92.251013883,35.5812109190001],[-92.2522725709999,35.5792097660001],[-92.254740611,35.5787288080001],[-92.25572247,35.5802854470001],[-92.243985278,35.5841555170001],[-92.234651516,35.5850828150001]]]},"properties":{"OBJECTID":101238,"MapUnit":"PNse","IdentityConfidence":"certain","Label":null,"Symbol":"604","DataSourceID":"1032","Notes":null,"MapUnitPolys_ID":"8_101238","MapSourceID":"map49","Source_MapUnit":"49|PNbh","Name":"Sedimentary rocks","Age":"Early Pennsylvanian","color_rgba":[128,179,255,255],"fill":"#80b3ff","fillOpacity":1.0}},{"type":"Feature","id":100926,"geometry":{"type":"Polygon","coordinates":[[[-92.366398351,35.581022708],[-92.366134505,35.577659252],[-92.369900158,35.5716586190001],[-92.372367309,35.571175049],[-92.3744901489999,35.573704687],[-92.37441021,35.580235751],[-92.3731612999999,35.581733302],[-92.367614125,35.58244254],[-92.366398351,35.581022708]]]},"properties":{"OBJECTID":100926,"MapUnit":"PNsm","IdentityConfidence":"certain","Label":null,"Symbol":"503","DataSourceID":"1032","Notes":null,"MapUnitPolys_ID":"8_100926","MapSourceID":"map49","Source_MapUnit":"49|PNa-OZ","Name":"Sedimentary rocks","Age":"Middle Pennsylvanian","color_rgba":[153,204,255,255],"fill":"#99ccff","fillOpacity":1.0}},{"type":"Feature","id":101224,"geometry":{"type":"Polygon","coordinates":[[[-91.930777759,35.5275133740001],[-91.884804674,35.514708559],[-91.859779916,35.5101442170001],[-91.821342564,35.4988550750001],[-91.814174146,35.497465817],[-91.758819608,35.498332034],[-91.708418627,35.502191581],[-91.698398407,35.5012595360001],[-91.665318713,35.4925269140001],[-91.644681943,35.4887869400001],[-91.637347619,35.4903620630001],[-91.624899597,35.491747565],[-91.597537119,35.4912994480001],[-91.5821688359999,35.4759606150001],[-91.5733143909999,35.4702341280001],[-91.565395348,35.4666716880001],[-91.5595920649999,35.463188216],[-91.537372837,35.465497869],[-91.5113277739999,35.4669016760001],[-91.482271366,35.4713315650001],[-91.464225223,35.471776049],[-91.451638573,35.470721374],[-91.455692335,35.46345734],[-91.459138631,35.460747455],[-91.463155577,35.4598080710001],[-91.466822671,35.4606219190001],[-91.477127947,35.4537518990001],[-91.47653217,35.452988868],[-91.463990597,35.450777284],[-91.460674347,35.448210031],[-91.455946167,35.4405991850001],[-91.4552841189999,35.4300346050001],[-91.464978532,35.4229048380001],[-91.465972817,35.419906731],[-91.474904693,35.418791646],[-91.484331977,35.4208275940001],[-91.520827367,35.424678805],[-91.540109747,35.42503004],[-91.551421025,35.4288643400001],[-91.5597784729999,35.430882679],[-91.579018853,35.431983153],[-91.591168753,35.433573213],[-91.642633598,35.4434339090001],[-91.650141307,35.4438999320001],[-91.675388644,35.4429340140001],[-91.6845091659999,35.444024778],[-91.701694144,35.448247983],[-91.721753807,35.4516262820001],[-91.746143382,35.4576178510001],[-91.768505349,35.462017298],[-91.7867956059999,35.46342803],[-91.803790556,35.4627078020001],[-91.824589611,35.4570090120001],[-91.835748672,35.4553207380001],[-91.84637556,35.454748405],[-91.870326334,35.455966534],[-91.879379819,35.458364682],[-91.890661027,35.458757566],[-91.908624426,35.457488186],[-91.930522194,35.45748731],[-91.956550428,35.459516509],[-91.9628890339999,35.4573836590001],[-92.0144382029999,35.470290441],[-92.007895616,35.4755091110001],[-92.0053517869999,35.480506265],[-92.0013233619999,35.482468431],[-92.0012799849999,35.484979391],[-92.003392293,35.4872667290001],[-92.006140151,35.488303569],[-92.011679471,35.487859203],[-92.021605284,35.4824446430001],[-92.0287142769999,35.480009819],[-92.032451425,35.477037248],[-92.034038199,35.474037738],[-92.038629767,35.475094192],[-92.042463665,35.4748408670001],[-92.03920637,35.4779666530001],[-92.03429096,35.4807826960001],[-92.027979231,35.483267733],[-92.010113065,35.49387977],[-92.004050037,35.494952497],[-91.990345974,35.4934948550001],[-91.9853781469999,35.4938940420001],[-91.975697909,35.496545806],[-91.926172531,35.5174195000001],[-91.937732523,35.519378596],[-91.9433777689999,35.519572383],[-91.969546324,35.5126601470001],[-92.006796091,35.4998714330001],[-92.021576566,35.494266114],[-92.043261931,35.4849158660001],[-92.070562439,35.4761743920001],[-92.085173439,35.469595423],[-92.09186536,35.4701299390001],[-92.091755532,35.477013507],[-92.03518237,35.494580274],[-91.980814386,35.517159093],[-91.969389335,35.5193252450001],[-91.949025627,35.5267203500001],[-91.938356802,35.5279158430001],[-91.930777759,35.5275133740001]]]},"properties":{"OBJECTID":101224,"MapUnit":"PNse","IdentityConfidence":"certain","Label":null,"Symbol":"604","DataSourceID":"1032","Notes":null,"MapUnitPolys_ID":"8_101224","MapSourceID":"map49","Source_MapUnit":"49|PNbh","Name":"Sedimentary rocks","Age":"Early Pennsylvanian","color_rgba":[128,179,255,255],"fill":"#80b3ff","fillOpacity":1.0}},{"type":"Feature","id":101218,"geometry":{"type":"Polygon","coordinates":[[[-91.941970944,35.516117385],[-91.9600244229999,35.508928482],[-91.970017874,35.5037335870001],[-91.983177148,35.4987874240001],[-91.996650271,35.4945601950001],[-92.004050037,35.494952497],[-92.010113065,35.49387977],[-92.027979231,35.483267733],[-92.03429096,35.4807826960001],[-92.03920637,35.4779666530001],[-92.042463665,35.4748408670001],[-92.0484730379999,35.474443545],[-92.066679833,35.4696141220001],[-92.071640352,35.4669057040001],[-92.0774440229999,35.468977716],[-92.085173439,35.469595423],[-92.070562439,35.4761743920001],[-92.043261931,35.4849158660001],[-92.021576566,35.494266114],[-92.006796091,35.4998714330001],[-91.969546324,35.5126601470001],[-91.9433777689999,35.519572383],[-91.937732523,35.519378596],[-91.941970944,35.516117385]]]},"properties":{"OBJECTID":101218,"MapUnit":"PNse","IdentityConfidence":"certain","Label":null,"Symbol":"604","DataSourceID":"1032","Notes":null,"MapUnitPolys_ID":"8_101218","MapSourceID":"map49","Source_MapUnit":"49|PNbh","Name":"Sedimentary rocks","Age":"Early Pennsylvanian","color_rgba":[128,179,255,255],"fill":"#80b3ff","fillOpacity":1.0}},{"type":"Feature","id":100969,"geometry":{"type":"Polygon","coordinates":[[[-92.3513793019999,35.625777068],[-92.34864357,35.6229957410001],[-92.348417689,35.6164610880001],[-92.354755355,35.6019381310001],[-92.3566084299999,35.6014483390001],[-92.362399397,35.606017272],[-92.3716600079999,35.6038299570001],[-92.37626099,35.605126361],[-92.381501939,35.604411197],[-92.400941518,35.600288978],[-92.4024681659999,35.601306075],[-92.4021486409999,35.6023081120001],[-92.3860486839999,35.610225203],[-92.36939875,35.612607908],[-92.373983819,35.6151565770001],[-92.377025386,35.6181941740001],[-92.3770007859999,35.620202851],[-92.3757572599999,35.6211978010001],[-92.363519006,35.615073178],[-92.361665923,35.6155586840001],[-92.363739617,35.6221105010001],[-92.363379142,35.6263784870001],[-92.361830164,35.627120791],[-92.355366025,35.6270677790001],[-92.3513793019999,35.625777068]]]},"properties":{"OBJECTID":100969,"MapUnit":"PNsm","IdentityConfidence":"certain","Label":null,"Symbol":"503","DataSourceID":"1032","Notes":null,"MapUnitPolys_ID":"8_100969","MapSourceID":"map49","Source_MapUnit":"49|PNa-OZ","Name":"Sedimentary rocks","Age":"Middle Pennsylvanian","color_rgba":[153,204,255,255],"fill":"#99ccff","fillOpacity":1.0}},{"type":"Feature","id":101233,"geometry":{"type":"Polygon","coordinates":[[[-92.36663452,35.552106339],[-92.3674001959999,35.5497784900001],[-92.370177312,35.5490468780001],[-92.3713949469999,35.5500653170001],[-92.372594597,35.5525855700001],[-92.36663452,35.552106339]]]},"properties":{"OBJECTID":101233,"MapUnit":"PNse","IdentityConfidence":"certain","Label":null,"Symbol":"604","DataSourceID":"1032","Notes":null,"MapUnitPolys_ID":"8_101233","MapSourceID":"map49","Source_MapUnit":"49|PNbh","Name":"Sedimentary rocks","Age":"Early Pennsylvanian","color_rgba":[128,179,255,255],"fill":"#80b3ff","fillOpacity":1.0}},{"type":"Feature","id":101219,"geometry":{"type":"Polygon","coordinates":[[[-91.926172531,35.5174195000001],[-91.975697909,35.496545806],[-91.9853781469999,35.4938940420001],[-91.990345974,35.4934948550001],[-91.996650271,35.4945601950001],[-91.970017874,35.5037335870001],[-91.9600244229999,35.508928482],[-91.941970944,35.516117385],[-91.937732523,35.519378596],[-91.926172531,35.5174195000001]]]},"properties":{"OBJECTID":101219,"MapUnit":"PNse","IdentityConfidence":"certain","Label":null,"Symbol":"604","DataSourceID":"1032","Notes":null,"MapUnitPolys_ID":"8_101219","MapSourceID":"map49","Source_MapUnit":"49|PNbh","Name":"Sedimentary rocks","Age":"Early Pennsylvanian","color_rgba":[128,179,255,255],"fill":"#80b3ff","fillOpacity":1.0}},{"type":"Feature","id":101213,"geometry":{"type":"Polygon","coordinates":[[[-92.3831754079999,35.5295520940001],[-92.387667543,35.526824452],[-92.396053574,35.5253377400001],[-92.396263416,35.527898285],[-92.383628448,35.5303108900001],[-92.3831754079999,35.5295520940001]]]},"properties":{"OBJECTID":101213,"MapUnit":"PNse","IdentityConfidence":"certain","Label":null,"Symbol":"604","DataSourceID":"1032","Notes":null,"MapUnitPolys_ID":"8_101213","MapSourceID":"map49","Source_MapUnit":"49|PNbh","Name":"Sedimentary rocks","Age":"Early Pennsylvanian","color_rgba":[128,179,255,255],"fill":"#80b3ff","fillOpacity":1.0}},{"type":"Feature","id":102123,"geometry":{"type":"Polygon","coordinates":[[[-92.288988874,35.8250276730001],[-92.281333122,35.8204354470001],[-92.273403724,35.8133318430001],[-92.266977766,35.8092578270001],[-92.258080305,35.8054064090001],[-92.2565618,35.8036355240001],[-92.2565825889999,35.8021294550001],[-92.263069279,35.801680221],[-92.2625458809999,35.794890126],[-92.2634955619999,35.7931431700001],[-92.265045319,35.792653538],[-92.266875979,35.794174174],[-92.2739369619999,35.796748882],[-92.2680587579999,35.797957669],[-92.268623385,35.801730627],[-92.265815943,35.803966475],[-92.265788304,35.805975231],[-92.271987736,35.80401879],[-92.273519961,35.8047905990001],[-92.2740621839999,35.810321921],[-92.275601846,35.810588646],[-92.280576964,35.8078655850001],[-92.2824082239999,35.809390497],[-92.285199327,35.8084071960001],[-92.285840228,35.806654274],[-92.282852196,35.7993421140001],[-92.285965026,35.7973565660001],[-92.288292038,35.8079323850001],[-92.289838104,35.8076937930001],[-92.2907840729999,35.806193465],[-92.28933578,35.799146136],[-92.294869684,35.8007006450001],[-92.295134812,35.80397019],[-92.298243908,35.802238022],[-92.298273884,35.7999753350001],[-92.292790393,35.794651619],[-92.290375694,35.7906103770001],[-92.283303102,35.788790842],[-92.281794269,35.7862660850001],[-92.274742805,35.782937562],[-92.271651264,35.7834142740001],[-92.268216614,35.78639916],[-92.265813865,35.781600924],[-92.2624620239999,35.7785562650001],[-92.264669478,35.7750566880001],[-92.264717606,35.771544111],[-92.265958602,35.7710509460001],[-92.2720518679999,35.7766320550001],[-92.274530154,35.775899199],[-92.2764183369999,35.7731525410001],[-92.274957774,35.7671081840001],[-92.271284266,35.765068199],[-92.263074505,35.7564522440001],[-92.264632997,35.755208404],[-92.269577564,35.7544949140001],[-92.271715732,35.7560234790001],[-92.273819696,35.7600614840001],[-92.275049832,35.76032695],[-92.278472939,35.7580913890001],[-92.2736957239999,35.7464912940001],[-92.270646612,35.743953382],[-92.262363006,35.7408636980001],[-92.2589544419999,35.7420884430001],[-92.257367258,35.745341061],[-92.251179601,35.7467985160001],[-92.2486744889999,35.7495352980001],[-92.246508919,35.7500197570001],[-92.240380344,35.7472026660001],[-92.228971949,35.747097979],[-92.222554085,35.743017008],[-92.215190228,35.7404356490001],[-92.216242925,35.7530083840001],[-92.214381886,35.753745386],[-92.2039449229999,35.7503809740001],[-92.187587007,35.7512339840001],[-92.184822691,35.7504549980001],[-92.1826939279999,35.7484242240001],[-92.183032526,35.746419084],[-92.188961016,35.7417003310001],[-92.190877411,35.7371953800001],[-92.194169663,35.744010759],[-92.196015928,35.7442800220001],[-92.1981890769999,35.7432937560001],[-92.205291357,35.7426064960001],[-92.205309633,35.7413499150001],[-92.199855314,35.734764892],[-92.2047947359999,35.73430783],[-92.210025195,35.735111369],[-92.210036149,35.734357247],[-92.202709806,35.729262954],[-92.187393032,35.722585214],[-92.183935216,35.7270780160001],[-92.1799096679999,35.728293051],[-92.179808565,35.7350778160001],[-92.178259451,35.7355666350001],[-92.173996081,35.732007664],[-92.170916845,35.731727307],[-92.17346901,35.725968917],[-92.1725560949999,35.72521005],[-92.165135371,35.726642886],[-92.1619388129999,35.734151055],[-92.156286923,35.740881094],[-92.1544293969999,35.7413630780001],[-92.1521199969999,35.7310386190001],[-92.1461586189999,35.7377642340001],[-92.144612971,35.7380030470001],[-92.144019943,35.736486945],[-92.144108307,35.7307116320001],[-92.145368343,35.728962831],[-92.152504086,35.7260190750001],[-92.1528315099999,35.7247639450001],[-92.148281083,35.7199474830001],[-92.1471364499999,35.7141545210001],[-92.144670409,35.714132599],[-92.138159601,35.7165785620001],[-92.1371847469999,35.719834989],[-92.134996015,35.721825912],[-92.1351839289999,35.729618228],[-92.1311334219999,35.7323418120001],[-92.1301036309999,35.739115498],[-92.128858354,35.7398540030001],[-92.126177361,35.7337987980001],[-92.1209485259999,35.732991355],[-92.121612333,35.7299825100001],[-92.126669885,35.721991555],[-92.1267128279999,35.7192288570001],[-92.1220386419999,35.7224492020001],[-92.1192641439999,35.7224205100001],[-92.116537404,35.719375079],[-92.111637346,35.717318719],[-92.106781385,35.7124923330001],[-92.102766855,35.712956912],[-92.099965286,35.714687494],[-92.097447535,35.71792808],[-92.096730878,35.72420257],[-92.0825756249999,35.7225452220001],[-92.0771127629999,35.717211187],[-92.067841997,35.7186245030001],[-92.0635724369999,35.715813263],[-92.059385594,35.707980907],[-92.0563499249999,35.705181345],[-92.05145664,35.7028687280001],[-92.042845101,35.701767395],[-92.046689122,35.693018936],[-92.049787152,35.6920435000001],[-92.051931375,35.692822044],[-92.0552666249999,35.6961218100001],[-92.060171742,35.6976846210001],[-92.061383667,35.6989557040001],[-92.064448639,35.699988654],[-92.06687665,35.7022770500001],[-92.0671269969999,35.7058005320001],[-92.065516719,35.7100535000001],[-92.069477439,35.7128607220001],[-92.0706775799999,35.7148813590001],[-92.072214665,35.715150872],[-92.076249419,35.7134349730001],[-92.078711448,35.7137075430001],[-92.0850864289999,35.7198054940001],[-92.087552306,35.7198307680001],[-92.08853727,35.7160768740001],[-92.087045062,35.7130422770001],[-92.089225631,35.7115576310001],[-92.080978468,35.7069484450001],[-92.080687051,35.705941481],[-92.085933182,35.7054933520001],[-92.085945786,35.7047370710001],[-92.080132819,35.7021692810001],[-92.087539158,35.7014892120001],[-92.09064059,35.700265352],[-92.091321676,35.6962516460001],[-92.096603949,35.6935433290001],[-92.096620258,35.6925378010001],[-92.082471158,35.6908850460001],[-92.079755378,35.6873360320001],[-92.0745378779999,35.6860281990001],[-92.071408003,35.6890063230001],[-92.069863357,35.6892418520001],[-92.063422214,35.687414416],[-92.061894127,35.68664656],[-92.061319394,35.684126808],[-92.063820678,35.6818902750001],[-92.063225641,35.68062983],[-92.051502618,35.6815084150001],[-92.046581372,35.68095528],[-92.0428011499999,35.685939891],[-92.036880249,35.6898964710001],[-92.032857716,35.690856732],[-92.031942119,35.690345956],[-92.032022784,35.6855675140001],[-92.0355885,35.6750555310001],[-92.037778562,35.673069189],[-92.0421033709999,35.672362005],[-92.0531633429999,35.6742390480001],[-92.057517221,35.6717761560001],[-92.061759232,35.67608899],[-92.063903228,35.6768650390001],[-92.074393258,35.675973411],[-92.081433787,35.678813829],[-92.0835891579999,35.6788326700001],[-92.078118433,35.674255719],[-92.084024077,35.6710488780001],[-92.073300326,35.6674193150001],[-92.066807252,35.6688577480001],[-92.064750034,35.662807371],[-92.055868468,35.6596942400001],[-92.05595117,35.65466938],[-92.0478695319999,35.6591069580001],[-92.037951092,35.662769542],[-92.03674016,35.661498244],[-92.035892185,35.656965514],[-92.029180664,35.6531231760001],[-92.029838516,35.650618089],[-92.034837475,35.646400263],[-92.0308514449999,35.6453516770001],[-92.152734375,35.610207809],[-92.153022332,35.6109431190001],[-92.1486294589999,35.616425996],[-92.150145224,35.6179490430001],[-92.151995743,35.6177163],[-92.157065159,35.608218949],[-92.1629616609999,35.605008049],[-92.164143805,35.6082866190001],[-92.170531421,35.6133736310001],[-92.1748146099999,35.615177321],[-92.177588508,35.6149509570001],[-92.183221657,35.6087210050001],[-92.186899947,35.6097602830001],[-92.1917615519999,35.6140822520001],[-92.191428383,35.615835437],[-92.184582504,35.6207966330001],[-92.184864082,35.622555413],[-92.189107409,35.627121475],[-92.1949564349999,35.6271744420001],[-92.203330352,35.622985709],[-92.20702424,35.6230188490001],[-92.20793308,35.624031008],[-92.2072954659999,35.62553402],[-92.2020076809999,35.6292529790001],[-92.201963803,35.6322694940001],[-92.2040751499999,35.6353006790001],[-92.214768238,35.6411781790001],[-92.215540136,35.6517397120001],[-92.21479795,35.6605287830001],[-92.217458012,35.6683411130001],[-92.2173932759999,35.6728637530001],[-92.213566683,35.6818718110001],[-92.211537283,35.694419161],[-92.1997587,35.699081952],[-92.197557756,35.7020771100001],[-92.1959398879999,35.7073399610001],[-92.193441208,35.7095794040001],[-92.198981139,35.710131226],[-92.20203372,35.712170508],[-92.205362506,35.716473734],[-92.210286191,35.717022098],[-92.213042281,35.718305495],[-92.2273503919999,35.7310023380001],[-92.230716432,35.7327908500001],[-92.235936169,35.7343450970001],[-92.24086504,35.734643002],[-92.249843972,35.731959239],[-92.250166045,35.7309553430001],[-92.237579876,35.727072605],[-92.230543407,35.7232386060001],[-92.225381875,35.7176663120001],[-92.218009787,35.7158390640001],[-92.208905304,35.7059558730001],[-92.2095686709999,35.7026929130001],[-92.2176097939999,35.700759432],[-92.219178733,35.6987620290001],[-92.219921439,35.6899753110001],[-92.221497358,35.687475175],[-92.222182345,35.6827061290001],[-92.224377594,35.6799661790001],[-92.223614996,35.6686498810001],[-92.224556847,35.667403909],[-92.226397773,35.6679195180001],[-92.234898163,35.6767949320001],[-92.236442059,35.676557073],[-92.235563579,35.673285009],[-92.2255844169999,35.6601224390001],[-92.2232067589999,35.654071334],[-92.22848465,35.65110739],[-92.229171631,35.6460897520001],[-92.234456028,35.642618456],[-92.232930659,35.6415993370001],[-92.226786771,35.6405391930001],[-92.219698504,35.6409740060001],[-92.209001191,35.635350842],[-92.206878758,35.6330647400001],[-92.206596485,35.631306024],[-92.212231622,35.62482773],[-92.2101351919999,35.6207866400001],[-92.204601623,35.620233152],[-92.199661706,35.621190545],[-92.1973129089999,35.613379514],[-92.190318614,35.6075346750001],[-92.186647957,35.6059927650001],[-92.184189335,35.6057180990001],[-92.1810970069999,35.606690454],[-92.17703273,35.6109259740001],[-92.174251593,35.611648281],[-92.167240176,35.6070611060001],[-92.1669591369999,35.605300437],[-92.168512514,35.6043090060001],[-92.17497574,35.6043706520001],[-92.17777503,35.602389212],[-92.1891724289999,35.601742691],[-92.202152359,35.5980971430001],[-92.211387856,35.597934142],[-92.2117534389999,35.5939185400001],[-92.216423318,35.5901892810001],[-92.2188881879999,35.589963249],[-92.217907715,35.5939736280001],[-92.218823873,35.594482853],[-92.222838166,35.593515908],[-92.224351923,35.5952892450001],[-92.227740153,35.5950711890001],[-92.2299616349999,35.590316106],[-92.236434016,35.5896199530001],[-92.234651516,35.5850828150001],[-92.243985278,35.5841555170001],[-92.25572247,35.5802854470001],[-92.2574505009999,35.5830250720001],[-92.259600646,35.5832945490001],[-92.261767939,35.5823093980001],[-92.266061431,35.583352855],[-92.266386597,35.582098048],[-92.26395597,35.5798160030001],[-92.263973299,35.5785637060001],[-92.267084159,35.5760763580001],[-92.269247966,35.5753424430001],[-92.271066284,35.5773654650001],[-92.272300222,35.57712818],[-92.274497968,35.57387822],[-92.280031956,35.574181373],[-92.2894243389999,35.5850620320001],[-92.293698284,35.587610204],[-92.2937248759999,35.585601963],[-92.2925106659999,35.58433562],[-92.293464036,35.582084234],[-92.28462274,35.5759797330001],[-92.284048035,35.5729587760001],[-92.284984422,35.5719613420001],[-92.28930442,35.5709909780001],[-92.290879536,35.5682410370001],[-92.2970280659999,35.5685479970001],[-92.3016719729999,35.566328304],[-92.304787545,35.563337188],[-92.309728703,35.561872362],[-92.31130236,35.559122206],[-92.3137694869999,35.5586399430001],[-92.318304733,35.56470784],[-92.319535043,35.5647168680001],[-92.318690816,35.5586809340001],[-92.320542594,35.5581915320001],[-92.3355521399999,35.5630913570001],[-92.3343446869999,35.561320935],[-92.325168847,35.557227697],[-92.3233397339999,35.55595463],[-92.32335597,35.554700757],[-92.325845443,35.5524585200001],[-92.328311879,35.551978191],[-92.332594958,35.5537689010001],[-92.339367153,35.553323859],[-92.340923943,35.5518302880001],[-92.338172231,35.550550054],[-92.338812968,35.548543554],[-92.345870213,35.5498564740001],[-92.348619024,35.5513854100001],[-92.3507871959999,35.5501494740001],[-92.351110352,35.5488959150001],[-92.349303446,35.54586656],[-92.3491761399999,35.542182004],[-92.3549106999999,35.540130984],[-92.353915859,35.5459069660001],[-92.359438717,35.546951187],[-92.359718035,35.5492166660001],[-92.356913,35.5522103820001],[-92.356891321,35.553965426],[-92.3614580619999,35.557771518],[-92.364844147,35.557549296],[-92.36663452,35.552106339],[-92.372594597,35.5525855700001],[-92.3721455209999,35.5641379960001],[-92.373049839,35.565653664],[-92.3791836079999,35.567208405],[-92.38352336,35.5644793390001],[-92.388327255,35.574313671],[-92.393505708,35.578623103],[-92.400859764,35.5811926270001],[-92.4082376919999,35.5817506760001],[-92.41464888,35.586074007],[-92.423554437,35.5876453430001],[-92.417461738,35.5823224310001],[-92.4137903229999,35.5805366590001],[-92.3944765749999,35.574612963],[-92.391732377,35.572582421],[-92.391783345,35.5683140990001],[-92.395802842,35.566584096],[-92.395817945,35.5653272540001],[-92.391219088,35.5640362450001],[-92.3891234819999,35.5592447000001],[-92.3869854499999,35.55797225],[-92.38234159,35.5604491190001],[-92.3792263299999,35.5636937780001],[-92.376452017,35.5641716480001],[-92.3768178879999,35.559399371],[-92.379929865,35.556408301],[-92.380261696,35.554403167],[-92.375721868,35.548339792],[-92.370233044,35.5445268670001],[-92.364691606,35.5449845320001],[-92.364710141,35.543478647],[-92.368750988,35.539990167],[-92.369722624,35.535980904],[-92.3743497849999,35.5347635890001],[-92.378073232,35.53202608],[-92.380846423,35.5315478320001],[-92.388499268,35.534370353],[-92.3931261499999,35.533145549],[-92.403660431,35.5264462170001],[-92.443985202,35.5222213550001],[-92.467447589,35.513342369],[-92.470790477,35.5168828000001],[-92.478129958,35.5204525070001],[-92.481775861,35.5244983260001],[-92.4910032499999,35.524061309],[-92.4878871989999,35.5280578750001],[-92.487550028,35.5308173560001],[-92.489675271,35.533347529],[-92.4884216139999,35.535595647],[-92.489581863,35.5421356690001],[-92.488022993,35.5441369160001],[-92.464311765,35.5469869140001],[-92.4575181549999,35.5494504810001],[-92.455961024,35.551197276],[-92.456252121,35.5527062510001],[-92.465741834,35.556796148],[-92.468474466,35.5600772080001],[-92.471448821,35.569396338],[-92.472992303,35.568906154],[-92.4745713199999,35.5651503920001],[-92.4767354689999,35.5641588130001],[-92.47957135,35.5578965550001],[-92.488843564,35.5536908670001],[-92.49410908,35.5502076290001],[-92.495005568,35.552725525],[-92.5044737549999,35.55906994],[-92.50937958,35.5606082730001],[-92.51553111,35.5606518000001],[-92.518617185,35.559665689],[-92.519875691,35.5569096950001],[-92.518355876,35.5551449610001],[-92.5125254229999,35.5538453360001],[-92.507951411,35.5500499770001],[-92.505829889,35.547019988],[-92.5061610079999,35.54476098],[-92.508600132,35.546785641],[-92.511373272,35.5463018880001],[-92.515652704,35.548841931],[-92.518733024,35.5483630860001],[-92.523420008,35.54110884],[-92.5234483739999,35.538344065],[-92.512381542,35.538019869],[-92.50870714,35.536486251],[-92.509022514,35.5357328900001],[-92.513332215,35.5352611230001],[-92.514582822,35.5332616050001],[-92.517642184,35.534789215],[-92.5191818119999,35.5345474980001],[-92.5204300089999,35.5327947700001],[-92.5247448009999,35.53181985],[-92.52624095,35.5358489870001],[-92.528068331,35.5376164],[-92.5326956819999,35.5361435080001],[-92.5382103429999,35.53818886],[-92.5437550839999,35.537215259],[-92.545307096,35.535720806],[-92.545017215,35.5339585680001],[-92.5376930319999,35.528384536],[-92.5352636969999,35.5253526600001],[-92.5355938769999,35.523093159],[-92.542317483,35.5271603670001],[-92.549700574,35.526703078],[-92.549118225,35.5234305810001],[-92.556835727,35.5202177410001],[-92.5552595139999,35.5242235010001],[-92.555198252,35.5305053610001],[-92.560332133,35.5400831920001],[-92.556618202,35.542575594],[-92.544573135,35.5477719670001],[-92.537449409,35.5527512950001],[-92.531326786,35.5499484900001],[-92.529786295,35.5501928680001],[-92.529410135,35.5569741900001],[-92.5192310959999,35.5664628270001],[-92.514515101,35.5696904000001],[-92.508331633,35.572663483],[-92.500381853,35.5784947110001],[-92.49793783,35.582918029],[-92.5104430979999,35.5766962760001],[-92.568495234,35.5547042790001],[-92.5833909899999,35.5459957250001],[-92.666066179,35.530231251],[-92.684565156,35.5253565900001],[-92.70183366,35.522992217],[-92.709969755,35.520371675],[-92.718213127,35.5147032],[-92.769241974,35.524347042],[-92.807352963,35.5262621300001],[-92.84943813,35.532448951],[-92.8614040909999,35.537016355],[-92.877333655,35.5481218940001],[-92.8828572899999,35.5504037910001],[-92.8908510589999,35.550931269],[-92.8936111849999,35.5524467220001],[-92.896688043,35.5522065440001],[-92.902546683,35.5492103920001],[-92.907778664,35.5484705260001],[-92.9093227669999,35.5472178380001],[-92.909344139,35.5429494590001],[-92.910269209,35.54244713],[-92.922885766,35.54072941],[-92.9278139469999,35.538983651],[-92.939543988,35.5292195800001],[-92.943241573,35.5274687200001],[-92.949090231,35.5259807],[-92.954315513,35.526244127],[-92.965988646,35.5285362600001],[-92.974277904,35.5315707890001],[-92.970862425,35.539601771],[-92.96900985,35.5413540850001],[-92.96685718,35.541351956],[-92.9549041879999,35.532275758],[-92.9524423,35.5327724860001],[-92.952731722,35.536791238],[-92.953962759,35.5365466650001],[-92.9539218849999,35.5458403120001],[-92.954836628,35.5476026580001],[-92.958210847,35.5496179840001],[-92.964363885,35.5491294380001],[-92.96681936,35.550392372],[-92.969866272,35.557181873],[-92.977852134,35.559967753],[-93.010313315,35.5644824770001],[-93.027396848,35.5662360530001],[-93.031057536,35.5705843580001],[-93.0354958839999,35.5738879030001],[-93.054903154,35.5825303570001],[-93.0608053729999,35.5920455150001],[-93.0561880929999,35.592791135],[-93.0552609709999,35.5940440300001],[-93.0450624119999,35.587774596],[-93.037177572,35.585922295],[-93.031298692,35.5855385620001],[-93.0167528489999,35.5882469760001],[-93.002601156,35.5921459310001],[-92.9868824549999,35.5983679990001],[-92.981393087,35.59929228],[-92.969040321,35.5986220240001],[-92.9607767429999,35.596604353],[-92.961399601,35.5948501500001],[-92.967569337,35.5913493360001],[-92.974062005,35.5838252790001],[-92.972840097,35.5818125210001],[-92.964225254,35.581792756],[-92.9605274259999,35.5830370910001],[-92.9543550239999,35.5872916490001],[-92.951583602,35.5877864670001],[-92.951596836,35.584774441],[-92.9543868969999,35.5800060970001],[-92.9611710409999,35.5765089550001],[-92.962716834,35.5747550950001],[-92.96397931,35.567222407],[-92.9636801889999,35.5652120350001],[-92.961231522,35.56243626],[-92.954485276,35.5576469900001],[-92.952637398,35.5581470320001],[-92.952626277,35.5606557770001],[-92.955994684,35.564181896],[-92.9565997189999,35.566447333],[-92.9525764369999,35.571965688],[-92.950108664,35.57346535],[-92.9436461509999,35.5739492100001],[-92.9405477509999,35.5787157290001],[-92.9423250419999,35.593790439],[-92.943536567,35.598068153],[-92.9453813759999,35.598325457],[-92.937336596,35.607850265],[-92.937622135,35.6126260190001],[-92.942833986,35.6171591720001],[-92.9403595539999,35.6199154490001],[-92.944035946,35.623693238],[-92.943720409,35.625450647],[-92.9338345479999,35.63271474],[-92.930117819,35.637475394],[-92.928866877,35.641490774],[-92.93006989,35.6475243560001],[-92.932833137,35.649292614],[-92.9346833499999,35.648790923],[-92.9399670339999,35.63825867],[-92.941820239,35.63700721],[-92.9476365899999,35.644557961],[-92.9553176049999,35.6485987190001],[-92.958682054,35.653884754],[-92.958674655,35.655639637],[-92.956209573,35.6558873270001],[-92.947908765,35.652597498],[-92.942358346,35.654091845],[-92.941429826,35.6550949530001],[-92.941727547,35.657354415],[-92.9463266019999,35.6618886840001],[-92.9463030489999,35.6671680530001],[-92.9447492,35.6701765600001],[-92.943207021,35.6706778550001],[-92.935525007,35.666634668],[-92.937329609,35.675938753],[-92.934547634,35.6779396270001],[-92.933609519,35.6809491340001],[-92.932068907,35.6809451820001],[-92.930252266,35.6741563080001],[-92.9278007,35.671386182],[-92.925642189,35.671883812],[-92.9206803279999,35.678650895],[-92.918832252,35.678647321],[-92.9148456629999,35.6748672790001],[-92.912992271,35.675864668],[-92.913285586,35.6788832490001],[-92.916335394,35.6851744300001],[-92.917867389,35.68693389],[-92.923410991,35.6874542140001],[-92.924946581,35.6884639210001],[-92.9246204839999,35.6922309780001],[-92.919351703,35.6984981190001],[-92.919034715,35.700256236],[-92.9205661989999,35.702269368],[-92.9202430729999,35.705284513],[-92.9161959579999,35.713565085],[-92.911172218,35.715180236],[-92.902635314,35.7132726620001],[-92.9036070719999,35.7039781940001],[-92.902686632,35.7032208690001],[-92.899273418,35.707731133],[-92.897710688,35.7120003040001],[-92.886994771,35.7122250840001],[-92.8669204939999,35.715834366],[-92.859248518,35.71574967],[-92.854238634,35.714115157],[-92.8533631239999,35.7055732960001],[-92.862594805,35.7081171360001],[-92.865074219,35.705613525],[-92.8601876389999,35.697808007],[-92.866043996,35.6975765130001],[-92.867598737,35.6950673110001],[-92.874061464,35.6965964140001],[-92.874384616,35.69383341],[-92.872557968,35.689808638],[-92.8697962529999,35.687789697],[-92.8633071359999,35.6910343540001],[-92.86022299,35.691525041],[-92.8534511619999,35.6902464950001],[-92.853134145,35.6835747980001],[-92.853827434,35.678436837],[-92.852920389,35.6754167230001],[-92.8501553899999,35.6741537870001],[-92.8489170189999,35.675153897],[-92.848262919,35.6816819960001],[-92.846712278,35.683434425],[-92.842083519,35.684678214],[-92.842067028,35.6874365470001],[-92.8408288539999,35.6884414730001],[-92.834046733,35.6889192880001],[-92.8315942519999,35.6868968430001],[-92.8297240809999,35.690406851],[-92.8312464529999,35.69343135],[-92.8321253779999,35.7009703750001],[-92.8339786669999,35.700223441],[-92.836164551,35.69545823],[-92.83708752,35.695713256],[-92.838000092,35.697728108],[-92.83985043,35.697483892],[-92.8419334019999,35.710052024],[-92.830644912,35.7078950480001],[-92.7965746739999,35.7073342580001],[-92.7870270129999,35.7062483390001],[-92.748069618,35.6957277710001],[-92.7268694809999,35.69112448],[-92.7106062779999,35.6884279230001],[-92.701831447,35.6879713170001],[-92.693356794,35.681965317],[-92.690865753,35.6795310700001],[-92.678717131,35.682029017],[-92.657363322,35.684455728],[-92.653741698,35.683596832],[-92.648422438,35.6810817940001],[-92.642243763,35.67665033],[-92.636003188,35.6736356330001],[-92.6279029139999,35.672648725],[-92.607518434,35.674526465],[-92.596615206,35.6742152620001],[-92.5975602079999,35.6719628070001],[-92.608689791,35.6675019370001],[-92.60685153,35.666489916],[-92.599148736,35.66669431],[-92.597362881,35.65989998],[-92.591858864,35.6555948430001],[-92.59093029,35.6560944500001],[-92.592435119,35.659871421],[-92.590580057,35.660614423],[-92.5555402099999,35.6531147170001],[-92.557426218,35.6491072250001],[-92.554677399,35.6468264800001],[-92.554699098,35.6450642290001],[-92.5568812,35.6418183380001],[-92.5528788559999,35.641791176],[-92.553876641,35.6342602400001],[-92.55204386,35.6327398770001],[-92.547432881,35.6319580040001],[-92.543140907,35.6289194510001],[-92.542227369,35.629161992],[-92.546162067,35.6359714590001],[-92.545806849,35.640740459],[-92.543013086,35.6429850120001],[-92.530391013,35.6426554770001],[-92.5282403579999,35.642137545],[-92.526105536,35.6401112680001],[-92.5187156109999,35.640066038],[-92.51684993,35.6418109680001],[-92.512536932,35.642033816],[-92.5086013759999,35.635476349],[-92.508930633,35.633470405],[-92.51203283,35.63122974],[-92.5182105119999,35.62925747],[-92.527461871,35.627811239],[-92.5268566999999,35.6268001560001],[-92.523480169,35.6257771630001],[-92.516705325,35.625984332],[-92.5043491059999,35.6299215000001],[-92.5021940829999,35.6299035970001],[-92.494839563,35.626591021],[-92.488064061,35.6267964210001],[-92.486201404,35.6282917360001],[-92.4852288339999,35.6328078760001],[-92.483689525,35.632795474],[-92.480948435,35.6300128400001],[-92.477332876,35.622703158],[-92.475477911,35.623444121],[-92.474535187,35.6251949210001],[-92.4744342,35.6344916670001],[-92.472545716,35.6382492060001],[-92.465142651,35.639450923],[-92.4654143769999,35.642721597],[-92.468752207,35.6472658120001],[-92.480031868,35.6578975200001],[-92.481269079,35.657404221],[-92.4739735059999,35.648559646],[-92.4724610069999,35.6460332130001],[-92.47278534,35.6445300890001],[-92.477695802,35.6460698990001],[-92.482585028,35.649622902],[-92.4884120789999,35.6519229720001],[-92.490883525,35.6511876160001],[-92.492227468,35.640643449],[-92.5036143569999,35.6412237230001],[-92.502057078,35.642968975],[-92.510289926,35.650814709],[-92.517359963,35.6521168720001],[-92.521011683,35.656410986],[-92.52285233,35.6571799000001],[-92.522813656,35.660948509],[-92.520647332,35.6619410750001],[-92.5098777489999,35.660863007],[-92.503023954,35.6683524110001],[-92.508875287,35.66839623],[-92.5116682349999,35.666401766],[-92.515038526,35.6681815680001],[-92.517515622,35.6669451170001],[-92.531052874,35.668537273],[-92.530421954,35.6700419410001],[-92.5254550509999,35.6737792050001],[-92.5164801509999,35.6777420670001],[-92.508700133,35.6852284870001],[-92.508692325,35.685977677],[-92.517039596,35.683271711],[-92.521042235,35.6835464060001],[-92.522872478,35.6853209230001],[-92.5185233349999,35.6888098910001],[-92.51788658,35.690813092],[-92.522200084,35.690843767],[-92.527073672,35.696401554],[-92.527025308,35.7011734550001],[-92.522371995,35.7041640520001],[-92.520184195,35.7071633530001],[-92.517713552,35.7076503930001],[-92.517982799,35.7114173520001],[-92.5195058099999,35.713189103],[-92.525695475,35.7107157410001],[-92.527233613,35.710976685],[-92.527837531,35.712239422],[-92.523116863,35.7217572540001],[-92.5241344139999,35.72479479],[-92.525834714,35.7263580760001],[-92.53571217,35.7261078600001],[-92.535070723,35.7286163090001],[-92.527896026,35.7368619210001],[-92.533134704,35.73714969],[-92.53650099,35.7396790930001],[-92.5355481139999,35.742440334],[-92.509611768,35.7452731440001],[-92.502204729,35.7444874620001],[-92.4924073339999,35.741738823],[-92.47796317,35.7352738910001],[-92.468612676,35.7445052190001],[-92.466134246,35.7454915120001],[-92.463359725,35.745471438],[-92.46095653,35.7396786300001],[-92.462214806,35.737425687],[-92.479965383,35.7212128350001],[-92.480600324,35.7194614050001],[-92.479061938,35.7191995320001],[-92.45798482,35.7296081750001],[-92.4552076099999,35.7298347510001],[-92.453066325,35.7283165060001],[-92.450894251,35.7295546300001],[-92.447732354,35.7365705],[-92.446490785,35.737312581],[-92.443422101,35.7360370600001],[-92.4439874289999,35.7405609800001],[-92.454986542,35.7496869770001],[-92.454010883,35.7542008940001],[-92.4508961349999,35.7569452430001],[-92.4394571729999,35.7593761910001],[-92.433974693,35.7533030980001],[-92.431510623,35.7530361450001],[-92.429334443,35.7545252530001],[-92.42648951,35.760537986],[-92.424633612,35.7610245020001],[-92.418188981,35.758211864],[-92.416949645,35.758706799],[-92.424257671,35.766803947],[-92.4198613089999,35.773555108],[-92.415213439,35.775279498],[-92.4136392509999,35.778029395],[-92.412399122,35.778524206],[-92.406244648,35.777220077],[-92.411641587,35.764195998],[-92.405266163,35.7556046490001],[-92.401295862,35.7523089170001],[-92.398214845,35.75203487],[-92.395409667,35.7545226060001],[-92.391942225,35.7607772430001],[-92.389777124,35.7612644930001],[-92.388552653,35.7604994550001],[-92.3885922919999,35.7572337920001],[-92.395170236,35.748743894],[-92.403202189,35.74754649],[-92.402609431,35.745531295],[-92.398014001,35.7429832990001],[-92.397726975,35.741225059],[-92.404201793,35.741273161],[-92.412814284,35.7430961220001],[-92.4128232259999,35.7423422590001],[-92.3966013529999,35.7321682890001],[-92.3945365869999,35.724361575],[-92.392707794,35.7225916890001],[-92.386527738,35.7237983730001],[-92.38193496,35.7212539650001],[-92.382898913,35.717993506],[-92.381995671,35.716226293],[-92.3801491629999,35.7159623590001],[-92.373630603,35.7196791160001],[-92.371753785,35.7219248980001],[-92.371420552,35.723934781],[-92.377237572,35.7272441640001],[-92.376892658,35.7302573100001],[-92.371925951,35.7329849870001],[-92.366912946,35.739476284],[-92.359466289,35.7431870240001],[-92.35598716,35.7501948290001],[-92.354441939,35.7504365570001],[-92.3462047209999,35.7433328550001],[-92.3459159719999,35.741821235],[-92.350999895,35.7297998710001],[-92.351377294,35.724276837],[-92.350192034,35.7204971560001],[-92.347465407,35.7167076960001],[-92.346219748,35.7177000300001],[-92.343890269,35.731252323],[-92.34110029,35.732486367],[-92.339571506,35.7314687470001],[-92.335794973,35.7374690090001],[-92.3342537619999,35.737456588],[-92.335165076,35.7143458790001],[-92.329393028,35.7077639070001],[-92.316495135,35.704140438],[-92.316822725,35.702633629],[-92.3236181509999,35.7014353060001],[-92.328272958,35.698960605],[-92.337539657,35.6972764670001],[-92.326206631,35.691909303],[-92.324095278,35.68837297],[-92.312101888,35.686512566],[-92.307513364,35.6839655100001],[-92.3047874759999,35.6804219250001],[-92.304840261,35.676404291],[-92.308045828,35.666883645],[-92.306508954,35.6666149640001],[-92.300928303,35.669336566],[-92.292819391,35.6768043480001],[-92.292491301,35.678306643],[-92.295196898,35.6833571980001],[-92.294423641,35.6951608570001],[-92.307090095,35.692756316],[-92.309554813,35.692775114],[-92.309538485,35.6940335670001],[-92.300765207,35.7050128240001],[-92.296129154,35.705980267],[-92.2927125909999,35.707960192],[-92.2895698999999,35.71245743],[-92.282129234,35.7156555990001],[-92.281800818,35.7171626090001],[-92.2873283609999,35.7187180490001],[-92.288842045,35.720742123],[-92.285099969,35.723975324],[-92.284761218,35.72623443],[-92.2868788499999,35.729268833],[-92.285628704,35.7305119010001],[-92.279446416,35.731717298],[-92.28210941,35.740033614],[-92.284856853,35.74206717],[-92.293161905,35.7436467680001],[-92.2967982119999,35.7484513380001],[-92.2964066759999,35.754730502],[-92.3010384149999,35.754266273],[-92.2969634029999,35.759256061],[-92.296628302,35.7612661100001],[-92.302504703,35.7600564460001],[-92.304029898,35.761328485],[-92.3039997879999,35.7635905670001],[-92.3008828229999,35.766072933],[-92.3008591129999,35.7678327250001],[-92.295267929,35.770801185],[-92.295807456,35.7765858540001],[-92.293893446,35.781345786],[-92.298849264,35.779879613],[-92.3060003589999,35.7756666130001],[-92.3076219179999,35.7696499910001],[-92.3104011839999,35.7694202960001],[-92.3153102209999,35.7714747630001],[-92.3174920599999,35.7697318960001],[-92.3175217739999,35.7674692740001],[-92.314820605,35.761669924],[-92.3148797489999,35.7571446630001],[-92.317347038,35.7571650670001],[-92.325297098,35.7625121830001],[-92.328073047,35.7625312010001],[-92.328406709,35.7605256140001],[-92.326290512,35.757242827],[-92.3223266809999,35.7536905860001],[-92.312537595,35.747579864],[-92.310155972,35.7410274370001],[-92.303793996,35.732425522],[-92.303883366,35.725644899],[-92.305812083,35.7196296120001],[-92.313596893,35.713663356],[-92.316370653,35.7136871770001],[-92.318804071,35.716221551],[-92.31797233,35.732798164],[-92.3225281379999,35.7381148380001],[-92.323050627,35.745405546],[-92.3294291729999,35.7529958380001],[-92.333049219,35.7593098880001],[-92.334276328,35.7598215740001],[-92.336197197,35.7543062290001],[-92.337739244,35.754318416],[-92.3395128239999,35.7603653400001],[-92.342854356,35.7644131270001],[-92.343140593,35.7661714110001],[-92.340018164,35.7691647890001],[-92.3405901309999,35.7726863660001],[-92.338981029,35.7779514110001],[-92.3408096319999,35.7797244770001],[-92.3425490509999,35.7885344690001],[-92.341000208,35.7890231740001],[-92.332107548,35.784681692],[-92.331227176,35.7811541620001],[-92.323238922,35.778577403],[-92.311487286,35.780735952],[-92.311168771,35.7814888240001],[-92.320098571,35.782819768],[-92.322537535,35.785102749],[-92.325924318,35.7856359],[-92.3369437059999,35.7925106220001],[-92.328324486,35.790931141],[-92.318743734,35.7921060950001],[-92.31165751,35.7912940100001],[-92.311644099,35.7922996390001],[-92.317766096,35.7961186970001],[-92.317742901,35.7978783680001],[-92.322709346,35.7956608260001],[-92.3232875639999,35.7986754730001],[-92.327038702,35.794942513],[-92.3279545779999,35.7957002380001],[-92.326983727,35.799211991],[-92.3201300809999,35.8041817610001],[-92.319798895,35.8059382270001],[-92.327448283,35.811028288],[-92.325899454,35.8115166210001],[-92.321903772,35.810224691],[-92.311401044,35.8108928500001],[-92.310435894,35.813899513],[-92.315021545,35.8172076590001],[-92.307266855,35.820155302],[-92.3041337929999,35.823647635],[-92.2961085479999,35.8235784870001],[-92.288988874,35.8250276730001]],[[-92.439452885,35.678213698],[-92.440636898,35.68249059],[-92.440557347,35.689529436],[-92.434271918,35.7002898860001],[-92.433889089,35.7068186860001],[-92.432624392,35.7095740440001],[-92.427960959,35.7130564720001],[-92.426699786,35.7155581580001],[-92.420485135,35.7197857850001],[-92.4167076959999,35.726543271],[-92.41699861,35.72805241],[-92.424748826,35.7243409590001],[-92.429046984,35.725876822],[-92.43108983,35.7359433240001],[-92.438226159,35.731975592],[-92.4466915309999,35.7194742340001],[-92.4446020949999,35.7134304800001],[-92.446476708,35.7111793070001],[-92.446504615,35.7086680420001],[-92.4443785509999,35.7058898990001],[-92.4444269049999,35.701616098],[-92.445984744,35.700120649],[-92.447830384,35.70038572],[-92.44935465,35.701902503],[-92.451981963,35.7149890310001],[-92.454094799,35.7190235830001],[-92.460695603,35.707510906],[-92.466000803,35.7015190110001],[-92.465709392,35.700009955],[-92.456212409,35.694918457],[-92.453173205,35.691126384],[-92.453511884,35.68836644],[-92.4643335229999,35.6849246510001],[-92.44931959,35.6775320200001],[-92.443520273,35.672713641],[-92.441709114,35.6694363060001],[-92.439381689,35.6573616700001],[-92.464491884,35.6706019270001],[-92.46633989,35.670617286],[-92.46635675,35.6691117980001],[-92.4645499979999,35.6653271980001],[-92.458137403,35.6602567890001],[-92.445879969,35.6546415130001],[-92.441916393,35.6510937960001],[-92.4391903329999,35.6470554160001],[-92.4374340849999,35.639001702],[-92.433218074,35.630678871],[-92.426520093,35.624099954],[-92.424978378,35.624336192],[-92.4252629,35.626347772],[-92.430674445,35.6376952900001],[-92.430593903,35.644734128],[-92.4274251269999,35.6524985660001],[-92.427378963,35.6565162690001],[-92.439452885,35.678213698]],[[-92.355366025,35.6270677790001],[-92.361830164,35.627120791],[-92.363379142,35.6263784870001],[-92.363739617,35.6221105010001],[-92.361665923,35.6155586840001],[-92.363519006,35.615073178],[-92.3757572599999,35.6211978010001],[-92.3770007859999,35.620202851],[-92.377025386,35.6181941740001],[-92.373983819,35.6151565770001],[-92.36939875,35.612607908],[-92.3860486839999,35.610225203],[-92.4021486409999,35.6023081120001],[-92.4024681659999,35.601306075],[-92.400941518,35.600288978],[-92.381501939,35.604411197],[-92.37626099,35.605126361],[-92.3716600079999,35.6038299570001],[-92.362399397,35.606017272],[-92.3566084299999,35.6014483390001],[-92.354755355,35.6019381310001],[-92.348417689,35.6164610880001],[-92.34864357,35.6229957410001],[-92.3513793019999,35.625777068],[-92.355366025,35.6270677790001]],[[-92.346992284,35.607403983],[-92.350399841,35.605671677],[-92.351053075,35.6026619290001],[-92.349231956,35.600635471],[-92.3467636779999,35.601118559],[-92.344892213,35.6031141920001],[-92.345164726,35.6058826190001],[-92.346992284,35.607403983]],[[-92.4157043819999,35.6011531240001],[-92.415985591,35.603418746],[-92.426713593,35.607264209],[-92.4285283629999,35.6100433830001],[-92.441178832,35.6073701070001],[-92.440941878,35.601089363],[-92.4357675319999,35.5960256500001],[-92.416967385,35.5983982880001],[-92.4157043819999,35.6011531240001]],[[-92.7549460659999,35.60700753],[-92.777696744,35.6092841620001],[-92.802484973,35.613925689],[-92.822092642,35.6156863410001],[-92.8349769279999,35.6142578070001],[-92.848100799,35.610587755],[-92.873595192,35.596365716],[-92.860058818,35.5886767260001],[-92.856697609,35.5879963360001],[-92.8483813459999,35.589548828],[-92.830938121,35.594403975],[-92.811809064,35.6007483290001],[-92.8057743369999,35.6048695430001],[-92.773711987,35.602435945],[-92.759321171,35.604644276],[-92.7549460659999,35.60700753]],[[-92.356406729,35.592905085],[-92.38784466,35.5888832890001],[-92.391862566,35.587405237],[-92.392492923,35.5861528460001],[-92.390972517,35.5846350900001],[-92.378933548,35.587807276],[-92.367272477,35.585204381],[-92.361414213,35.5861636980001],[-92.355829119,35.5898865630001],[-92.355800686,35.59214891],[-92.356406729,35.592905085]],[[-92.456771136,35.5891418050001],[-92.457976721,35.5914115050001],[-92.466572748,35.5932323120001],[-92.467512687,35.591730822],[-92.465987747,35.5904612040001],[-92.460779255,35.5884152080001],[-92.458010013,35.58839499],[-92.456771136,35.5891418050001]],[[-92.8013462499999,35.599597552],[-92.803195893,35.599100322],[-92.805994406,35.5945893300001],[-92.815535664,35.594380572],[-92.817388114,35.5933802390001],[-92.816502631,35.587347912],[-92.825132192,35.585116699],[-92.830388713,35.5808679140001],[-92.8319455179999,35.577856716],[-92.842144213,35.5701078810001],[-92.84255689,35.552271557],[-92.8410458769999,35.547746155],[-92.835846378,35.5429504350001],[-92.831556372,35.5404227450001],[-92.828788667,35.540416254],[-92.8260120419999,35.541911145],[-92.825997951,35.544173475],[-92.8309108459999,35.5454484850001],[-92.831212377,35.5464537180001],[-92.826570212,35.551206845],[-92.826247397,35.5537185960001],[-92.827470051,35.554981157],[-92.8293152639999,35.55498399],[-92.835475414,35.5535018950001],[-92.834528899,35.5575199580001],[-92.836356068,35.5605412940001],[-92.829586389,35.561016812],[-92.828960637,35.562772287],[-92.836630809,35.566066908],[-92.835985361,35.571092347],[-92.834753704,35.5713363040001],[-92.830461707,35.5688085190001],[-92.825229081,35.569291123],[-92.820599118,35.571786242],[-92.81416117,35.5682450630001],[-92.814500429,35.563221823],[-92.811424276,35.5632083470001],[-92.800326226,35.566934781],[-92.7969245789999,35.5696818390001],[-92.796894971,35.574206528],[-92.798119329,35.57521354],[-92.8018110309999,35.5752292190001],[-92.8064401349999,35.572988514],[-92.811022964,35.5780285320001],[-92.8128641489999,35.578790317],[-92.819332742,35.5775621880001],[-92.820557283,35.578571212],[-92.820551089,35.5795744650001],[-92.815915766,35.5828235660001],[-92.810688275,35.5822976960001],[-92.805142154,35.583531469],[-92.803901685,35.5850383440001],[-92.79867088,35.585016938],[-92.79589168,35.586511113],[-92.7958819999999,35.588017086],[-92.798328654,35.590289329],[-92.799512484,35.5975809030001],[-92.8013462499999,35.599597552]],[[-92.766953815,35.564730103],[-92.776369796,35.5613045710001],[-92.776682495,35.5605525920001],[-92.7736134799999,35.559539354],[-92.769941675,35.5567596590001],[-92.7699588849999,35.554244112],[-92.7721185079999,35.553248846],[-92.775219619,35.549495114],[-92.775233591,35.5474864230001],[-92.7635122789999,35.5524571510001],[-92.76077063,35.5486761130001],[-92.7604192329999,35.554955648],[-92.757649454,35.5551968680001],[-92.753942318,35.557444678],[-92.7536227099999,35.5591995120001],[-92.761605515,35.561244507],[-92.766953815,35.564730103]],[[-92.799216206,35.5483383910001],[-92.800436437,35.54985034],[-92.802591424,35.54960887],[-92.804138471,35.5481040380001],[-92.8035540769999,35.5433330860001],[-92.8020324839999,35.5408112490001],[-92.795910184,35.536517088],[-92.794670705,35.5380193070001],[-92.799216206,35.5483383910001]],[[-92.8604450559999,35.5435440840001],[-92.8555158,35.5450355950001],[-92.854888008,35.547291753],[-92.859190717,35.5478120980001],[-92.863168689,35.551340069],[-92.86470759,35.551093263],[-92.8625876839999,35.5453101360001],[-92.8604450559999,35.5435440840001]],[[-92.852717699,35.5502991660001],[-92.853044036,35.5470358690001],[-92.850904477,35.5447667010001],[-92.849366692,35.544761603],[-92.8472055239999,35.5462609460001],[-92.847199675,35.5472641060001],[-92.850838288,35.5492655690001],[-92.8502363859999,35.552718074],[-92.8508500949999,35.5556904750001],[-92.8540782699999,35.559560091],[-92.860392057,35.5636297360001],[-92.8693553689999,35.5677691280001],[-92.8908508499999,35.575311878],[-92.897614255,35.579272969],[-92.909158061,35.5801302630001],[-92.9091533869999,35.58113317],[-92.903901268,35.585388272],[-92.90234394,35.589154179],[-92.907587088,35.5866573480001],[-92.9103326319999,35.5914381480001],[-92.912181582,35.5909436480001],[-92.9174369149999,35.585934256],[-92.9140812049999,35.5801448390001],[-92.91593095,35.5793965080001],[-92.9156404239999,35.5758799650001],[-92.917499672,35.5731184220001],[-92.917518318,35.5693503680001],[-92.9202916899999,35.5683555640001],[-92.924333256,35.559572985],[-92.926801993,35.5578202560001],[-92.934804979,35.5565917070001],[-92.935135934,35.5515637390001],[-92.93636718,35.551319021],[-92.936688637,35.548304208],[-92.940715068,35.5420372720001],[-92.939798754,35.5407775460001],[-92.937031172,35.540769233],[-92.932408978,35.542766188],[-92.9256402669999,35.543501237],[-92.9265455729999,35.547018763],[-92.924984254,35.5520372870001],[-92.91532129,35.5531319850001],[-92.903141336,35.55565162],[-92.8922030159999,35.5602127180001],[-92.886150779,35.560526587],[-92.877483725,35.5599434960001],[-92.8681199,35.558395397],[-92.859280564,35.55485035],[-92.852717699,35.5502991660001]],[[-92.902614157,35.596439891],[-92.901016299,35.6079923180001],[-92.905946286,35.6070016140001],[-92.9093467439999,35.6039976280001],[-92.904464628,35.595691737],[-92.902614157,35.596439891]],[[-92.896404768,35.60697579],[-92.89272069,35.605203546],[-92.891486817,35.6057037750001],[-92.8926971659999,35.6112296790001],[-92.8963944669999,35.6089846310001],[-92.896404768,35.60697579]],[[-92.400212294,35.609832726],[-92.399274473,35.6110800340001],[-92.400176728,35.6128447610001],[-92.405113348,35.6118761970001],[-92.4051284239999,35.6106238610001],[-92.402681017,35.609348492],[-92.400212294,35.609832726]],[[-92.870147784,35.6242225300001],[-92.8670578529999,35.626224022],[-92.8670495599999,35.6277300610001],[-92.8688937759999,35.628239992],[-92.867645748,35.6312488020001],[-92.868541502,35.6362776920001],[-92.878964433,35.6307956840001],[-92.8722720979999,35.629756888],[-92.8729060109999,35.6264950070001],[-92.870147784,35.6242225300001]],[[-92.9067355339999,35.6336383550001],[-92.906718869,35.636903988],[-92.907641336,35.637158605],[-92.912904364,35.631395125],[-92.9132197499999,35.6298910020001],[-92.910470475,35.625610438],[-92.909239946,35.6253542640001],[-92.9067355339999,35.6336383550001]],[[-92.863308433,35.636010189],[-92.8602380299999,35.634491993],[-92.858074062,35.6359915780001],[-92.858048595,35.6405098720001],[-92.859278508,35.6407688460001],[-92.864219615,35.638273768],[-92.863308433,35.636010189]],[[-92.8460763739999,35.6341887500001],[-92.842964911,35.639702297],[-92.8447901229999,35.643480272],[-92.854654707,35.6415054710001],[-92.8460763739999,35.6341887500001]],[[-92.899917956,35.642157965],[-92.892213532,35.6433905390001],[-92.892819963,35.645149265],[-92.9026726719999,35.645433075],[-92.902685589,35.6429213970001],[-92.899917956,35.642157965]],[[-92.85987037,35.645041818],[-92.858325212,35.6460403410001],[-92.858316284,35.647545892],[-92.860149787,35.6500670830001],[-92.861650006,35.6571065910001],[-92.862879143,35.6576124170001],[-92.8656576979999,35.6563655740001],[-92.868425765,35.6571321420001],[-92.868756121,35.653111671],[-92.871239067,35.649604884],[-92.86202617,35.645048289],[-92.85987037,35.645041818]],[[-92.893448302,35.653245484],[-92.8900022719999,35.6539341000001],[-92.8893798989999,35.6551873340001],[-92.892447478,35.657461326],[-92.894914435,35.6569659200001],[-92.895543168,35.6544558250001],[-92.893448302,35.653245484]],[[-92.872711307,35.661918972],[-92.864382296,35.664151417],[-92.8643708179999,35.6661603000001],[-92.868679169,35.666931736],[-92.875468477,35.664694281],[-92.8763988429999,35.6634384720001],[-92.872711307,35.661918972]],[[-92.859107621,35.6709183450001],[-92.857552981,35.673422901],[-92.8572347529999,35.675180729],[-92.860607945,35.677960247],[-92.8627670659999,35.677463878],[-92.8649506369999,35.672695941],[-92.868959256,35.6719547660001],[-92.863435758,35.668165851],[-92.859107621,35.6709183450001]],[[-92.846459863,35.6738880890001],[-92.8452365959999,35.6723766810001],[-92.8427664979999,35.6733737960001],[-92.843068248,35.6743788310001],[-92.846459863,35.6738880890001]],[[-92.977828566,35.565747173],[-92.975976848,35.567248277],[-92.976275835,35.5692585990001],[-92.978125719,35.56826025],[-92.978747891,35.5665038920001],[-92.977828566,35.565747173]],[[-92.997793638,35.5735814120001],[-92.996853228,35.578099336],[-92.9922256849999,35.581358349],[-92.9922198469999,35.582864053],[-93.003615236,35.5798763220001],[-93.0079165399999,35.5816410470001],[-93.0106881569999,35.58089797],[-93.013771922,35.578892507],[-93.01408607,35.5771343980001],[-93.016554363,35.575130497],[-93.0150214449999,35.57361946],[-93.0091708479999,35.575111054],[-93.0051722429999,35.574853917],[-92.999335924,35.5725810970001],[-92.997793638,35.5735814120001]],[[-92.975130763,35.577961331],[-92.975933271,35.577801374],[-92.9768707219999,35.5742871680001],[-92.9759519309999,35.5732768340001],[-92.973486586,35.5742765270001],[-92.973170427,35.576288237],[-92.975130763,35.577961331]],[[-92.392223217,35.5572611420001],[-92.3959736,35.5522629290001],[-92.4014856489999,35.554315063],[-92.4042535999999,35.5543366850001],[-92.407953151,35.5536090640001],[-92.410152913,35.549606952],[-92.4086448149999,35.5470843420001],[-92.39824599,35.54223281],[-92.39276789,35.537417804],[-92.3909197139999,35.537654602],[-92.388743651,35.539647648],[-92.3795096379999,35.540325814],[-92.377336521,35.542069709],[-92.3785476,35.5435861330001],[-92.385888312,35.5469083850001],[-92.388930605,35.54969636],[-92.390136317,35.5517159250001],[-92.389458287,35.5569855950001],[-92.390371691,35.557746997],[-92.392223217,35.5572611420001]],[[-92.4522317139999,35.5270568280001],[-92.448562548,35.525269666],[-92.44731312,35.5270171500001],[-92.447911247,35.5285290510001],[-92.451279024,35.52981012],[-92.4522317139999,35.5270568280001]],[[-92.37240071,35.5818305490001],[-92.37441021,35.580235751],[-92.3744901489999,35.573704687],[-92.372367309,35.571175049],[-92.369900158,35.5716586190001],[-92.366134505,35.577659252],[-92.3660973299999,35.5806711660001],[-92.367614125,35.58244254],[-92.37240071,35.5818305490001]],[[-92.150819204,35.7019509450001],[-92.151079747,35.698114155],[-92.157406413,35.687372393],[-92.163439231,35.695971243],[-92.1661712919999,35.6987618470001],[-92.16741146,35.698272074],[-92.159000184,35.6838676470001],[-92.157067807,35.669024957],[-92.160855403,35.6630310190001],[-92.1596916889999,35.6584954590001],[-92.1600529359999,35.6549799860001],[-92.162269131,35.650981931],[-92.162329789,35.646962783],[-92.155540945,35.6275478750001],[-92.152219138,35.623248049],[-92.151292199,35.623487878],[-92.151462323,35.6325343830001],[-92.15581743,35.649916514],[-92.152049642,35.6546537410001],[-92.151927533,35.6626909010001],[-92.149055861,35.6691943450001],[-92.150773685,35.677755479],[-92.149087648,35.687288816],[-92.145633613,35.691526669],[-92.139713604,35.6957403920001],[-92.1402678169999,35.6997654830001],[-92.1383955649999,35.7012528170001],[-92.1201289099999,35.706597577],[-92.122274273,35.707372563],[-92.1355329679999,35.707004237],[-92.140179041,35.7055429860001],[-92.153068338,35.7091880740001],[-92.150819204,35.7019509450001]]]},"properties":{"OBJECTID":102123,"MapUnit":"PNse","IdentityConfidence":"certain","Label":null,"Symbol":"604","DataSourceID":"1032","Notes":null,"MapUnitPolys_ID":"8_102123","MapSourceID":"map49","Source_MapUnit":"49|PNbh","Name":"Sedimentary rocks","Age":"Early Pennsylvanian","color_rgba":[128,179,255,255],"fill":"#80b3ff","fillOpacity":1.0}},{"type":"Feature","id":101242,"geometry":{"type":"Polygon","coordinates":[[[-92.0712850849999,35.5599727310001],[-92.073219065,35.558874759],[-92.073575649,35.5558629780001],[-92.0760726349999,35.5536261010001],[-92.07881184,35.5554152980001],[-92.080289116,35.5591991040001],[-92.082749273,35.5592246590001],[-92.084000745,35.5600998940001],[-92.0712850849999,35.5599727310001]]]},"properties":{"OBJECTID":101242,"MapUnit":"PNse","IdentityConfidence":"certain","Label":null,"Symbol":"604","DataSourceID":"1032","Notes":null,"MapUnitPolys_ID":"8_101242","MapSourceID":"map49","Source_MapUnit":"49|PNbh","Name":"Sedimentary rocks","Age":"Early Pennsylvanian","color_rgba":[128,179,255,255],"fill":"#80b3ff","fillOpacity":1.0}},{"type":"Feature","id":101216,"geometry":{"type":"Polygon","coordinates":[[[-92.184771886,35.5245706900001],[-92.179279343,35.5217515890001],[-92.171909161,35.521180702],[-92.167320455,35.5196268820001],[-92.14493436,35.515891174],[-92.1329580029999,35.515019527],[-92.130829654,35.513488566],[-92.1308881259999,35.5097209510001],[-92.137746235,35.5035069510001],[-92.140289522,35.4980107150001],[-92.13820435,35.4937152900001],[-92.138607927,35.487437933],[-92.143328539,35.480200548],[-92.145816907,35.4782162760001],[-92.152913439,35.476276168],[-92.152966868,35.472757705],[-92.156668353,35.4717888340001],[-92.155819374,35.467009074],[-92.157112381,35.462751725],[-92.155887693,35.4624873130001],[-92.152462758,35.465467813],[-92.1487617069999,35.4664359880001],[-92.1457090329999,35.465149737],[-92.14044441,35.467862127],[-92.135203371,35.4690662940001],[-92.127247612,35.466978946],[-92.1201354999999,35.469915932],[-92.1155273809999,35.46987261],[-92.113086186,35.468842368],[-92.1149482929999,35.4676072290001],[-92.115857794,35.4683708040001],[-92.118012462,35.4681380600001],[-92.1201823379999,35.4669044410001],[-92.128810448,35.4652346440001],[-92.133690288,35.4675455710001],[-92.137081181,35.4668208480001],[-92.139884121,35.4643402130001],[-92.144806592,35.463885987],[-92.156854647,35.459482817],[-92.1633195329999,35.4585423130001],[-92.158299158,35.465527197],[-92.158246423,35.4690412510001],[-92.1627977919999,35.4728552340001],[-92.164906469,35.4756379090001],[-92.16458413,35.4766434260001],[-92.157506793,35.4773278160001],[-92.156516585,35.4818379180001],[-92.147610371,35.481497781],[-92.146662398,35.483247852],[-92.1435588369999,35.4852289610001],[-92.1422951059999,35.4874735380001],[-92.142233271,35.491494614],[-92.145237664,35.4960439120001],[-92.1451876199999,35.499310876],[-92.137385022,35.507021916],[-92.136739389,35.509026996],[-92.146278667,35.508368461],[-92.1545200049999,35.512220101],[-92.165240189,35.5148358770001],[-92.194986355,35.519893682],[-92.205149407,35.518730186],[-92.22519089,35.5146485590001],[-92.233804614,35.514225013],[-92.2377616809999,35.5170233380001],[-92.215885854,35.5203406750001],[-92.214353266,35.520075021],[-92.207539493,35.5235309490001],[-92.198913443,35.5247042450001],[-92.184771886,35.5245706900001]]]},"properties":{"OBJECTID":101216,"MapUnit":"PNse","IdentityConfidence":"certain","Label":null,"Symbol":"604","DataSourceID":"1032","Notes":null,"MapUnitPolys_ID":"8_101216","MapSourceID":"map49","Source_MapUnit":"49|PNbh","Name":"Sedimentary rocks","Age":"Early Pennsylvanian","color_rgba":[128,179,255,255],"fill":"#80b3ff","fillOpacity":1.0}},{"type":"Feature","id":100898,"geometry":{"type":"Polygon","coordinates":[[[-92.165240189,35.5148358770001],[-92.1545200049999,35.512220101],[-92.146278667,35.508368461],[-92.136739389,35.509026996],[-92.137385022,35.507021916],[-92.1451876199999,35.499310876],[-92.145237664,35.4960439120001],[-92.142233271,35.491494614],[-92.1422951059999,35.4874735380001],[-92.1435588369999,35.4852289610001],[-92.146662398,35.483247852],[-92.147610371,35.481497781],[-92.156516585,35.4818379180001],[-92.157506793,35.4773278160001],[-92.16458413,35.4766434260001],[-92.164906469,35.4756379090001],[-92.1627977919999,35.4728552340001],[-92.158246423,35.4690412510001],[-92.158299158,35.465527197],[-92.1633195329999,35.4585423130001],[-92.156854647,35.459482817],[-92.144806592,35.463885987],[-92.139884121,35.4643402130001],[-92.137081181,35.4668208480001],[-92.133690288,35.4675455710001],[-92.128810448,35.4652346440001],[-92.1201823379999,35.4669044410001],[-92.118012462,35.4681380600001],[-92.115857794,35.4683708040001],[-92.1149482929999,35.4676072290001],[-92.122219681,35.464112147],[-92.1696299719999,35.4518901220001],[-92.210052425,35.4378641060001],[-92.293067403,35.4114010170001],[-92.3161447589999,35.4048843370001],[-92.321227863,35.4019201620001],[-92.332050621,35.3933147230001],[-92.343521231,35.3858638900001],[-92.374908725,35.3712186720001],[-92.387279083,35.363223546],[-92.399753642,35.3529592740001],[-92.407740207,35.348092831],[-92.4163369359999,35.345231567],[-92.4443109009999,35.34267141],[-92.4620989749999,35.3392318940001],[-92.4805766119999,35.3322618400001],[-92.4951521099999,35.32190846],[-92.5078060449999,35.3072382120001],[-92.518036126,35.303140597],[-92.539708226,35.2992365430001],[-92.562213248,35.296346424],[-92.574518466,35.2930141900001],[-92.5870513309999,35.2981534140001],[-92.608040687,35.303105783],[-92.622249561,35.305761927],[-92.6350649359999,35.306278218],[-92.645729288,35.3049333650001],[-92.658382232,35.300646305],[-92.6815671209999,35.285113934],[-92.693119571,35.2803425870001],[-92.721414459,35.275437502],[-92.727890217,35.2718704210001],[-92.751207419,35.278960291],[-92.740709726,35.2852651850001],[-92.7252065919999,35.291130464],[-92.711841471,35.2948052],[-92.67447664,35.3027500250001],[-92.647963582,35.313390236],[-92.6376105749999,35.316093117],[-92.621143418,35.318170448],[-92.607582737,35.3176312690001],[-92.5984427229999,35.3181174100001],[-92.585458581,35.3213393880001],[-92.5750285679999,35.325683338],[-92.571322599,35.3294726180001],[-92.567408004,35.337902048],[-92.563181256,35.3449732890001],[-92.555752422,35.35285021],[-92.550150982,35.3573328570001],[-92.563332945,35.3581671480001],[-92.562221487,35.362181503],[-92.5590103769999,35.3673336590001],[-92.540807724,35.386885152],[-92.511080454,35.4056441910001],[-92.472601094,35.4198332870001],[-92.4592906679999,35.420191952],[-92.4372115739999,35.4218934680001],[-92.430061021,35.4238538130001],[-92.408753772,35.4266142110001],[-92.393007289,35.436164192],[-92.383853383,35.4406153570001],[-92.361220144,35.443894469],[-92.354160782,35.4487863620001],[-92.3457127089999,35.4580820620001],[-92.328141989,35.4734335960001],[-92.315559352,35.4828824740001],[-92.301047924,35.490755791],[-92.257267981,35.5118027840001],[-92.249452705,35.5163742440001],[-92.244506944,35.518339016],[-92.2377616809999,35.5170233380001],[-92.233804614,35.514225013],[-92.22519089,35.5146485590001],[-92.205149407,35.518730186],[-92.194986355,35.519893682],[-92.165240189,35.5148358770001]]]},"properties":{"OBJECTID":100898,"MapUnit":"PNsm","IdentityConfidence":"certain","Label":null,"Symbol":"503","DataSourceID":"1032","Notes":null,"MapUnitPolys_ID":"8_100898","MapSourceID":"map49","Source_MapUnit":"49|PNa-OZ","Name":"Sedimentary rocks","Age":"Middle Pennsylvanian","color_rgba":[153,204,255,255],"fill":"#99ccff","fillOpacity":1.0}},{"type":"Feature","id":100910,"geometry":{"type":"Polygon","coordinates":[[[-92.309068828,35.541764431],[-92.307550858,35.540245946],[-92.308876128,35.532973047],[-92.302373207,35.5364331160001],[-92.298677264,35.5369036180001],[-92.2962439899999,35.5348764660001],[-92.294766233,35.5303392390001],[-92.294248437,35.523049798],[-92.2983440359999,35.5155496520001],[-92.29590489,35.514018229],[-92.30929997,35.5042832720001],[-92.338775466,35.4889254500001],[-92.3625692539999,35.4739534240001],[-92.370924255,35.4715609520001],[-92.3789988079999,35.470105489],[-92.3955547419999,35.4685299880001],[-92.401494769,35.467386359],[-92.40928475,35.4619462570001],[-92.427007106,35.445452258],[-92.444466709,35.4344355750001],[-92.472601094,35.4198332870001],[-92.511080454,35.4056441910001],[-92.540807724,35.386885152],[-92.5590103769999,35.3673336590001],[-92.562221487,35.362181503],[-92.563332945,35.3581671480001],[-92.5761969179999,35.3577917060001],[-92.591956736,35.355100496],[-92.6102057539999,35.355026654],[-92.618121896,35.3570523180001],[-92.63453602,35.3690619220001],[-92.642867595,35.3743948800001],[-92.6694682089999,35.3793448490001],[-92.7214033939999,35.3842457120001],[-92.744702121,35.3881875180001],[-92.7551344669999,35.3925210470001],[-92.763842783,35.398005267],[-92.7855626749999,35.4174809250001],[-92.746758626,35.401132488],[-92.6945271719999,35.398482922],[-92.679603834,35.3989633940001],[-92.666123038,35.4005318000001],[-92.6518252989999,35.4037240650001],[-92.6391285879999,35.4086087530001],[-92.626085523,35.4170790320001],[-92.591925089,35.443523993],[-92.576084887,35.451758242],[-92.552387292,35.460510765],[-92.5445874,35.4598333500001],[-92.539512687,35.460733921],[-92.529667268,35.464042013],[-92.492994916,35.4789953040001],[-92.4731838389999,35.487997394],[-92.459591662,35.495534084],[-92.4431515429999,35.508079057],[-92.437052679,35.5147915470001],[-92.422183947,35.519801928],[-92.4102808819999,35.5124248270001],[-92.406675305,35.5053627240001],[-92.404237021,35.5035870680001],[-92.4020887779999,35.503318156],[-92.3974579439999,35.505043744],[-92.388457011,35.5122588140001],[-92.371794639,35.51740418],[-92.358473631,35.525588156],[-92.3415366409999,35.527713992],[-92.33314939,35.534428668],[-92.314305831,35.541059257],[-92.309068828,35.541764431]]]},"properties":{"OBJECTID":100910,"MapUnit":"PNsm","IdentityConfidence":"certain","Label":null,"Symbol":"503","DataSourceID":"1032","Notes":null,"MapUnitPolys_ID":"8_100910","MapSourceID":"map49","Source_MapUnit":"49|PNa-OZ","Name":"Sedimentary rocks","Age":"Middle Pennsylvanian","color_rgba":[153,204,255,255],"fill":"#99ccff","fillOpacity":1.0}},{"type":"Feature","id":101250,"geometry":{"type":"Polygon","coordinates":[[[-92.2211211589999,35.584453764],[-92.216839098,35.5826586840001],[-92.218749467,35.5781540670001],[-92.2169218989999,35.576877116],[-92.217580103,35.573868503],[-92.221010491,35.5706363],[-92.222295033,35.5668804960001],[-92.228464591,35.565678516],[-92.2297233309999,35.5636818740001],[-92.229483494,35.558904908],[-92.221844171,35.5553172890001],[-92.219662982,35.557307101],[-92.2195947019999,35.562082973],[-92.215252186,35.564552174],[-92.2148981569999,35.5678183200001],[-92.213656725,35.5685576770001],[-92.2118620159999,35.5650233060001],[-92.210327787,35.5647603030001],[-92.207439546,35.5730243090001],[-92.2058760319999,35.5747676240001],[-92.2012574679999,35.5749769230001],[-92.197104901,35.5643811790001],[-92.1914045619999,35.554532087],[-92.184761094,35.5461751290001],[-92.173829309,35.536777348],[-92.1747813059999,35.5347758020001],[-92.1812454499999,35.534336598],[-92.1814861239999,35.5388579670001],[-92.18454604,35.5398942410001],[-92.184897884,35.5368817310001],[-92.187372406,35.5358995940001],[-92.18918762,35.537928375],[-92.1906554019999,35.5427138360001],[-92.194323289,35.5442555160001],[-92.204822037,35.541340774],[-92.207958532,35.537097912],[-92.212201744,35.541409044],[-92.213738775,35.541424675],[-92.215752937,35.5296335850001],[-92.2139192929999,35.528864178],[-92.2127221489999,35.5265916980001],[-92.215885854,35.5203406750001],[-92.2377616809999,35.5170233380001],[-92.244506944,35.518339016],[-92.25334685,35.5220866880001],[-92.259873866,35.5235233160001],[-92.270320009,35.5243262870001],[-92.2790362969999,35.521951546],[-92.285701182,35.5184531100001],[-92.29125786,35.516742585],[-92.29590489,35.514018229],[-92.2983440359999,35.5155496520001],[-92.294248437,35.523049798],[-92.294766233,35.5303392390001],[-92.2962439899999,35.5348764660001],[-92.298677264,35.5369036180001],[-92.302373207,35.5364331160001],[-92.308876128,35.532973047],[-92.307550858,35.540245946],[-92.309068828,35.541764431],[-92.314305831,35.541059257],[-92.33314939,35.534428668],[-92.3415366409999,35.527713992],[-92.358473631,35.525588156],[-92.371794639,35.51740418],[-92.388457011,35.5122588140001],[-92.3974579439999,35.505043744],[-92.4020887779999,35.503318156],[-92.404237021,35.5035870680001],[-92.406675305,35.5053627240001],[-92.4102808819999,35.5124248270001],[-92.422183947,35.519801928],[-92.415386919,35.5227680080001],[-92.4080229849999,35.5214517580001],[-92.404322308,35.5224330090001],[-92.402188506,35.5209073],[-92.3996990049999,35.523397835],[-92.39599543,35.5246282470001],[-92.396053574,35.5253377400001],[-92.387667543,35.526824452],[-92.3879932999999,35.5253217910001],[-92.377242365,35.524482371],[-92.369286314,35.521404481],[-92.366774392,35.5256560870001],[-92.362128675,35.5283856470001],[-92.359635043,35.5311244280001],[-92.3571691399999,35.531607696],[-92.353197301,35.529567634],[-92.347039023,35.5302737600001],[-92.345140742,35.534527004],[-92.341102146,35.537760549],[-92.334296389,35.540972944],[-92.321329688,35.5448828180001],[-92.303133948,35.5487510660001],[-92.301308702,35.54722681],[-92.295465597,35.547179418],[-92.2927516029999,35.543135573],[-92.287209885,35.543587159],[-92.284459134,35.542310338],[-92.283823615,35.5438137840001],[-92.284712999,35.5463310820001],[-92.288055102,35.549374368],[-92.288332343,35.551639977],[-92.289552597,35.5524013020001],[-92.28953861,35.553410904],[-92.285808264,35.5563904470001],[-92.2830975969999,35.5520972250001],[-92.278504788,35.550547825],[-92.27886341,35.546783293],[-92.277373126,35.5432512420001],[-92.275835833,35.54324051],[-92.2739259589999,35.5479952860001],[-92.2581384539999,35.5553965350001],[-92.2540956459999,35.558624739],[-92.2465878469999,35.5676037590001],[-92.245906492,35.572372537],[-92.2339125079999,35.572007607],[-92.227363571,35.5782312960001],[-92.2269881559999,35.5829990880001],[-92.2211211589999,35.584453764]]]},"properties":{"OBJECTID":101250,"MapUnit":"PNse","IdentityConfidence":"certain","Label":null,"Symbol":"604","DataSourceID":"1032","Notes":null,"MapUnitPolys_ID":"8_101250","MapSourceID":"map49","Source_MapUnit":"49|PNbh","Name":"Sedimentary rocks","Age":"Early Pennsylvanian","color_rgba":[128,179,255,255],"fill":"#80b3ff","fillOpacity":1.0}},{"type":"Feature","id":101298,"geometry":{"type":"Polygon","coordinates":[[[-91.95925685,35.705359752],[-91.961164415,35.684775357],[-91.958476759,35.6799711090001],[-91.956936571,35.6799514580001],[-91.9543461649999,35.6869570970001],[-91.952461731,35.688946264],[-91.947831412,35.6893965040001],[-91.936518368,35.68448815],[-91.9322735379999,35.6806687710001],[-91.9301908099999,35.676622378],[-91.928654791,35.676355453],[-91.920544627,35.681787392],[-91.915293546,35.6824786490001],[-91.910098241,35.6801554480001],[-91.898550223,35.688056568],[-91.895763718,35.6887765220001],[-91.891871624,35.682697805],[-91.887506737,35.6854079300001],[-91.884724499,35.685876197],[-91.879610199,35.6792804610001],[-91.871004351,35.6781707000001],[-91.867042839,35.6758594630001],[-91.84865796,35.6706066350001],[-91.848315871,35.67236137],[-91.857969939,35.683037041],[-91.8579459379999,35.684289386],[-91.856704061,35.684775738],[-91.836288364,35.672963811],[-91.835706644,35.6714404750001],[-91.837930885,35.667706369],[-91.836117639,35.6659253020001],[-91.836185861,35.662408779],[-91.838116339,35.6581637510001],[-91.836288643,35.6571342290001],[-91.8279736439999,35.657026783],[-91.823453021,35.6519440450001],[-91.815223531,35.647564747],[-91.815650051,35.62596353],[-91.812105592,35.618376728],[-91.8121948529999,35.6138593760001],[-91.813445547,35.612870522],[-91.819869384,35.6149613160001],[-91.82602007,35.615292013],[-91.829966881,35.6181072950001],[-91.840705788,35.6200004890001],[-91.840359115,35.6220021300001],[-91.836889862,35.626232632],[-91.836762929,35.632763013],[-91.823074122,35.639880406],[-91.8202590659999,35.6420999740001],[-91.82054199,35.6433636560001],[-91.826089081,35.643182086],[-91.836968242,35.6380420560001],[-91.849629782,35.636192264],[-91.854695765,35.628970843],[-91.857110399,35.6315104920001],[-91.8623438819999,35.6315760860001],[-91.863252786,35.6323418420001],[-91.8635367479999,35.6336031800001],[-91.861333757,35.636088913],[-91.8563499959999,35.6390397660001],[-91.838380467,35.644594284],[-91.83588341,35.6463228850001],[-91.834875951,35.6505816910001],[-91.843507963,35.650186252],[-91.856821139,35.646585498],[-91.8681739689999,35.632653894],[-91.870958769,35.631934669],[-91.872161575,35.63345947],[-91.870806246,35.639975932],[-91.8738373739999,35.6425268470001],[-91.874092994,35.6452893900001],[-91.8721738529999,35.6490392470001],[-91.865293948,35.654480967],[-91.850411051,35.6595721040001],[-91.8478986059999,35.6620528030001],[-91.84753756,35.664810602],[-91.8490530609999,35.666088927],[-91.858615621,35.6654548220001],[-91.864240487,35.6612516910001],[-91.868148451,35.6663257980001],[-91.870934865,35.6656065780001],[-91.8728162309999,35.6638702050001],[-91.876351665,35.6561263130001],[-91.878204018,35.6558980630001],[-91.880312329,35.658432733],[-91.8820320569999,35.6652426680001],[-91.883259368,35.6655056280001],[-91.887642263,35.661792506],[-91.8904234839999,35.6613196370001],[-91.8949257849999,35.667656536],[-91.8971425999999,35.6644206140001],[-91.903031477,35.6624801570001],[-91.904916901,35.6604919100001],[-91.904011783,35.659477349],[-91.8981790669999,35.658401398],[-91.8902331479999,35.6550376320001],[-91.8866040569999,35.6514726120001],[-91.884827168,35.6476859370001],[-91.8838129919999,35.636114047],[-91.8863420819999,35.6326244810001],[-91.885835145,35.6268434],[-91.890248023,35.621366112],[-91.87863228,35.616952494],[-91.854129685,35.6103698540001],[-91.834506297,35.6063530280001],[-91.815153486,35.6043461260001],[-91.782826071,35.6046817880001],[-91.7525560989999,35.6061215350001],[-91.739785301,35.6020962200001],[-91.727884015,35.5971615720001],[-91.692454234,35.5801656790001],[-91.679034284,35.5698577380001],[-91.6713067759999,35.5605845590001],[-91.6657338639999,35.5497334790001],[-91.674567243,35.546528247],[-91.680876885,35.5454338320001],[-91.690309074,35.5453992970001],[-91.71362852,35.547855467],[-91.7311518129999,35.5485837620001],[-91.77002177,35.5491282950001],[-91.787312996,35.5476633220001],[-91.8029896799999,35.5433941530001],[-91.822423696,35.5393503500001],[-91.838535378,35.5378363300001],[-91.858226286,35.5376757560001],[-91.90363861,35.53916252],[-91.913969292,35.537721838],[-91.924918041,35.535733776],[-91.935388817,35.531646424],[-91.938356802,35.5279158430001],[-91.949025627,35.5267203500001],[-91.969389335,35.5193252450001],[-91.980814386,35.517159093],[-92.03518237,35.494580274],[-92.091755532,35.477013507],[-92.091684974,35.481435128],[-92.097187305,35.483248636],[-92.0977297169999,35.487780699],[-92.0992503479999,35.4887969930001],[-92.103918946,35.4850799700001],[-92.113676251,35.489952982],[-92.113270347,35.4962279740001],[-92.1103266229999,35.507505016],[-92.103473903,35.5132098650001],[-92.09792853,35.513907859],[-92.096671263,35.515653559],[-92.0951426239999,35.515135366],[-92.095905223,35.5058506890001],[-92.1002960389999,35.5003632510001],[-92.1003874799999,35.4945892120001],[-92.099170337,35.4938214840001],[-92.097322719,35.4940533660001],[-92.094197809,35.4972897910001],[-92.091958135,35.502791169],[-92.090093936,35.50402833],[-92.088557474,35.504015017],[-92.0861311259999,35.501976568],[-92.081323412,35.495141618],[-92.079151887,35.4963790830001],[-92.079123513,35.498138399],[-92.081816483,35.502685566],[-92.081140944,35.5064497070001],[-92.077161727,35.5054029830001],[-92.073457359,35.5063686660001],[-92.0688638889999,35.5053135320001],[-92.063614214,35.506763408],[-92.061163688,35.506236997],[-92.0602581909999,35.505223716],[-92.060631642,35.5012064960001],[-92.063192885,35.4949514320001],[-92.0558632359999,35.49211067],[-92.0515166499999,35.494826791],[-92.056378378,35.498146766],[-92.054140376,35.5034003270001],[-92.052587557,35.5043851040001],[-92.04613743,35.5040627830001],[-92.042673468,35.509053044],[-92.037684133,35.5132708],[-92.038269424,35.515033832],[-92.041305681,35.5173308980001],[-92.04123025,35.5218481650001],[-92.043331565,35.524886644],[-92.031351063,35.5242530670001],[-92.023097622,35.5214021780001],[-92.0157199939999,35.5213214450001],[-92.013132221,35.5288300990001],[-92.0100362269999,35.5300512160001],[-91.994036696,35.530626512],[-91.993136305,35.5293591240001],[-91.994128023,35.525348282],[-91.991080306,35.5238109250001],[-91.987317105,35.528038961],[-91.980492177,35.531474331],[-91.980474336,35.532479537],[-91.989671593,35.5340943090001],[-91.991788946,35.53612609],[-91.99485035,35.536911678],[-91.995430886,35.538928766],[-92.0016752399999,35.533475573],[-92.0121240839999,35.533842029],[-92.014857229,35.5358795990001],[-92.017017962,35.535404225],[-92.018610822,35.532153308],[-92.020429774,35.5336821500001],[-92.023816025,35.5334680570001],[-92.024418199,35.534228345],[-92.023760556,35.536733381],[-92.025520676,35.541776413],[-92.0251752629999,35.5440362690001],[-92.023637455,35.544020131],[-92.01938375,35.54095857],[-92.0175257939999,35.541691814],[-92.017452986,35.5459623040001],[-92.014617496,35.549950573],[-92.010286536,35.551408414],[-92.0077744709999,35.554397431],[-92.000315487,35.55883534],[-91.997547482,35.5588036820001],[-91.994515399,35.556256422],[-91.992969169,35.556739958],[-91.99293864,35.558499414],[-91.999332571,35.562339207],[-92.0021088619999,35.561870372],[-92.00553988,35.5591433280001],[-92.007978685,35.560427315],[-92.010451874,35.559702686],[-92.06520626,35.559792357],[-92.065115669,35.5653197560001],[-92.0635407949999,35.567563675],[-92.0641314809999,35.5690778360001],[-92.0669364509999,35.566847716],[-92.068872087,35.561342568],[-92.0712850849999,35.5599727310001],[-92.084000745,35.5600998940001],[-92.086399796,35.561777615],[-92.087945136,35.561288006],[-92.087682656,35.558523861],[-92.0828103429999,35.5554564500001],[-92.0834494429999,35.5539542920001],[-92.0862250019999,35.5534829900001],[-92.085343628,35.5509601700001],[-92.0875402999999,35.5482210860001],[-92.093694888,35.5480297770001],[-92.096202911,35.5450433390001],[-92.099241895,35.5473387230001],[-92.1032435929999,35.5471279430001],[-92.1042816309999,35.5398529290001],[-92.109201029,35.5399029440001],[-92.110383373,35.5429282470001],[-92.118299655,35.5480355080001],[-92.1204600189999,35.5475532500001],[-92.11898195,35.5437681330001],[-92.118717512,35.5410060930001],[-92.119651646,35.540259324],[-92.126400484,35.541330821],[-92.134095864,35.54090553],[-92.1384195699999,35.539694195],[-92.139680599,35.5376966580001],[-92.141517469,35.538220387],[-92.145145784,35.542272698],[-92.151553673,35.545601016],[-92.153094577,35.545368845],[-92.151599657,35.542589293],[-92.1449075469999,35.5377489890001],[-92.1446655509999,35.5334769740001],[-92.145906565,35.532733524],[-92.155426238,35.533584428],[-92.158147996,35.5366238880001],[-92.161856682,35.535401747],[-92.1643126549999,35.5356791310001],[-92.1676607809999,35.5379719260001],[-92.168526495,35.541751387],[-92.172831763,35.5417887410001],[-92.17950302,35.5481377020001],[-92.179484696,35.5493900340001],[-92.177331824,35.549372643],[-92.17152262,35.547056555],[-92.168744148,35.5477790300001],[-92.169295061,35.552057108],[-92.171762885,35.5515779950001],[-92.173015461,35.550085031],[-92.177902466,35.5523919820001],[-92.1828080069999,35.553441913],[-92.191890669,35.5633281130001],[-92.195182549,35.569639695],[-92.195958288,35.5796986400001],[-92.188812188,35.5844066820001],[-92.183263062,35.5851068270001],[-92.184441519,35.588633961],[-92.183814997,35.58938068],[-92.172682279,35.593044596],[-92.170475873,35.5965394200001],[-92.1634247059999,35.5947125870001],[-92.1603360189999,35.595437496],[-92.1559860959999,35.598157901],[-92.143973392,35.5987935360001],[-92.143942781,35.6008014940001],[-92.1515978479999,35.603391909],[-92.149720943,35.6053841890001],[-92.139264641,35.6047792040001],[-92.1365186259999,35.603238269],[-92.134971741,35.603731011],[-92.1349408149999,35.6057369700001],[-92.1294014919999,35.6056802470001],[-92.123904817,35.6028650000001],[-92.121439016,35.6030894240001],[-92.119257422,35.6048282200001],[-92.114637122,35.605031667],[-92.112758726,35.607021108],[-92.111780112,35.610530639],[-92.108974659,35.612764052],[-92.1043299039999,35.614473022],[-92.099457489,35.611157249],[-92.096987224,35.6116347700001],[-92.086701134,35.6195685810001],[-92.072570516,35.617661093],[-92.0645676519999,35.617575324],[-92.0614731639999,35.6185488720001],[-92.059281055,35.620784658],[-92.0588952589999,35.625556601],[-92.061578707,35.630860897],[-92.06404157,35.6308867380001],[-92.061657009,35.626089474],[-92.0626673149999,35.6208231360001],[-92.0654538759999,35.6198453710001],[-92.083574164,35.622551419],[-92.0875803339999,35.622338948],[-92.091310531,35.62011591],[-92.095387933,35.615385244],[-92.0981662089999,35.6149140250001],[-92.104566058,35.6189971100001],[-92.107036495,35.618523956],[-92.114865822,35.6100584390001],[-92.120441209,35.6078535940001],[-92.1367217,35.610029092],[-92.141665292,35.608818598],[-92.1524295629999,35.609429456],[-92.152734375,35.610207809],[-92.0308514449999,35.6453516770001],[-91.9993226399999,35.6520422680001],[-91.988219704,35.652922892],[-91.983811858,35.658399538],[-91.981026814,35.659119316],[-91.963780356,35.6589257570001],[-91.9612899369999,35.660403624],[-91.962173444,35.6626744660001],[-91.980868173,35.6681664750001],[-91.9819860439999,35.6747104570001],[-91.9809779719999,35.6794736190001],[-91.9730816759999,35.69044175],[-91.973051012,35.6921967980001],[-91.97551099,35.6924784400001],[-91.983570723,35.689805402],[-91.9854060169999,35.690578611],[-91.985679029,35.6925919490001],[-91.9849747809999,35.6976129240001],[-91.983095319,35.699351237],[-91.975365244,35.700769462],[-91.9669075159999,35.708460705],[-91.962276066,35.7089115520001],[-91.95925685,35.705359752]],[[-91.75402561,35.569659103],[-91.750883357,35.5668018800001],[-91.74539327,35.5637655210001],[-91.739722622,35.561858021],[-91.7346842379999,35.5612979480001],[-91.7304113719999,35.5618062930001],[-91.733215506,35.5643680050001],[-91.741738248,35.5679873],[-91.748724913,35.5695634210001],[-91.75402561,35.569659103]]]},"properties":{"OBJECTID":101298,"MapUnit":"PNse","IdentityConfidence":"certain","Label":null,"Symbol":"604","DataSourceID":"1032","Notes":null,"MapUnitPolys_ID":"8_101298","MapSourceID":"map49","Source_MapUnit":"49|PNbh","Name":"Sedimentary rocks","Age":"Early Pennsylvanian","color_rgba":[128,179,255,255],"fill":"#80b3ff","fillOpacity":1.0}},{"type":"Feature","id":101198,"geometry":{"type":"Polygon","coordinates":[[[-91.768505349,35.462017298],[-91.746143382,35.4576178510001],[-91.721753807,35.4516262820001],[-91.701694144,35.448247983],[-91.6845091659999,35.444024778],[-91.675388644,35.4429340140001],[-91.650141307,35.4438999320001],[-91.642633598,35.4434339090001],[-91.591168753,35.433573213],[-91.579018853,35.431983153],[-91.5597784729999,35.430882679],[-91.551421025,35.4288643400001],[-91.516059281,35.417682438],[-91.491689408,35.4118320790001],[-91.475874918,35.41014841],[-91.47545532,35.4087503690001],[-91.476443135,35.4060054810001],[-91.475914658,35.4024805170001],[-91.480283603,35.3995336990001],[-91.4835100829999,35.3930504350001],[-91.48356275,35.390870067],[-91.539732419,35.3871523880001],[-91.556624771,35.3879789060001],[-91.5673475899999,35.389707344],[-91.582739273,35.3961531750001],[-91.5895266639999,35.3967856140001],[-91.598984072,35.396002735],[-91.603604006,35.3975000890001],[-91.6085132219999,35.3980614560001],[-91.655489659,35.391280911],[-91.6703459189999,35.3906909670001],[-91.686002469,35.392589392],[-91.706152999,35.3940813620001],[-91.7346099929999,35.3985205170001],[-91.747332606,35.3982223470001],[-91.760249657,35.3927605440001],[-91.775026757,35.399963063],[-91.8294014849999,35.4221977220001],[-91.848342526,35.4309570610001],[-91.8630034989999,35.4358629060001],[-91.896075189,35.4410444370001],[-91.916776165,35.4510927110001],[-91.946226923,35.4532007870001],[-91.9628890339999,35.4573836590001],[-91.956550428,35.459516509],[-91.930522194,35.45748731],[-91.908624426,35.457488186],[-91.890661027,35.458757566],[-91.879379819,35.458364682],[-91.870326334,35.455966534],[-91.84637556,35.454748405],[-91.835748672,35.4553207380001],[-91.824589611,35.4570090120001],[-91.803790556,35.4627078020001],[-91.7867956059999,35.46342803],[-91.768505349,35.462017298]],[[-91.8096230479999,35.448501591],[-91.812728251,35.4467834860001],[-91.81305496,35.4457811300001],[-91.811232745,35.4447535580001],[-91.8041249079999,35.446923541],[-91.804099939,35.4481796310001],[-91.805308425,35.449199616],[-91.8096230479999,35.448501591]],[[-91.789133002,35.4439645030001],[-91.788307861,35.439177769],[-91.799044578,35.439822464],[-91.7996887639999,35.438321892],[-91.7982038329999,35.435791496],[-91.799788345,35.4332982170001],[-91.788745808,35.4326528760001],[-91.78438714,35.43561192],[-91.783999298,35.439621254],[-91.7863696809999,35.443927946],[-91.789133002,35.4439645030001]],[[-91.815680317,35.4372720690001],[-91.814373054,35.441278057],[-91.8162103399999,35.4415516990001],[-91.818706181,35.4395703050001],[-91.8187505719999,35.4373135500001],[-91.817839371,35.4367960650001],[-91.815680317,35.4372720690001]]]},"properties":{"OBJECTID":101198,"MapUnit":"PNse","IdentityConfidence":"certain","Label":null,"Symbol":"604","DataSourceID":"1032","Notes":null,"MapUnitPolys_ID":"8_101198","MapSourceID":"map49","Source_MapUnit":"49|PNbh","Name":"Sedimentary rocks","Age":"Early Pennsylvanian","color_rgba":[128,179,255,255],"fill":"#80b3ff","fillOpacity":1.0}},{"type":"Feature","id":100497,"geometry":{"type":"Polygon","coordinates":[[[-92.2183692249999,35.6477485940001],[-92.217503039,35.643720011],[-92.214768238,35.6411781790001],[-92.2040751499999,35.6353006790001],[-92.201963803,35.6322694940001],[-92.2020076809999,35.6292529790001],[-92.2072954659999,35.62553402],[-92.20793308,35.624031008],[-92.20702424,35.6230188490001],[-92.203330352,35.622985709],[-92.1949564349999,35.6271744420001],[-92.189107409,35.627121475],[-92.184864082,35.622555413],[-92.184582504,35.6207966330001],[-92.191428383,35.615835437],[-92.1917615519999,35.6140822520001],[-92.186899947,35.6097602830001],[-92.183221657,35.6087210050001],[-92.177588508,35.6149509570001],[-92.1748146099999,35.615177321],[-92.170531421,35.6133736310001],[-92.164143805,35.6082866190001],[-92.1629616609999,35.605008049],[-92.160511221,35.6042346790001],[-92.157065159,35.608218949],[-92.151995743,35.6177163],[-92.150145224,35.6179490430001],[-92.1486294589999,35.616425996],[-92.153022332,35.6109431190001],[-92.1524295629999,35.609429456],[-92.141665292,35.608818598],[-92.1367217,35.610029092],[-92.120441209,35.6078535940001],[-92.114865822,35.6100584390001],[-92.107036495,35.618523956],[-92.104566058,35.6189971100001],[-92.0981662089999,35.6149140250001],[-92.095387933,35.615385244],[-92.091310531,35.62011591],[-92.0875803339999,35.622338948],[-92.083574164,35.622551419],[-92.0654538759999,35.6198453710001],[-92.0626673149999,35.6208231360001],[-92.061657009,35.626089474],[-92.06404157,35.6308867380001],[-92.061578707,35.630860897],[-92.0588952589999,35.625556601],[-92.059281055,35.620784658],[-92.0614731639999,35.6185488720001],[-92.0645676519999,35.617575324],[-92.072570516,35.617661093],[-92.086701134,35.6195685810001],[-92.096987224,35.6116347700001],[-92.099457489,35.611157249],[-92.1043299039999,35.614473022],[-92.108974659,35.612764052],[-92.111780112,35.610530639],[-92.112758726,35.607021108],[-92.114637122,35.605031667],[-92.119257422,35.6048282200001],[-92.121439016,35.6030894240001],[-92.123904817,35.6028650000001],[-92.1294014919999,35.6056802470001],[-92.1349408149999,35.6057369700001],[-92.134971741,35.603731011],[-92.1365186259999,35.603238269],[-92.139264641,35.6047792040001],[-92.149720943,35.6053841890001],[-92.1515978479999,35.603391909],[-92.143942781,35.6008014940001],[-92.143973392,35.5987935360001],[-92.1559860959999,35.598157901],[-92.1603360189999,35.595437496],[-92.1634247059999,35.5947125870001],[-92.170475873,35.5965394200001],[-92.172682279,35.593044596],[-92.183814997,35.58938068],[-92.184441519,35.588633961],[-92.183263062,35.5851068270001],[-92.188812188,35.5844066820001],[-92.195958288,35.5796986400001],[-92.195182549,35.569639695],[-92.191890669,35.5633281130001],[-92.1828080069999,35.553441913],[-92.177902466,35.5523919820001],[-92.173015461,35.550085031],[-92.171762885,35.5515779950001],[-92.169295061,35.552057108],[-92.168744148,35.5477790300001],[-92.17152262,35.547056555],[-92.177331824,35.549372643],[-92.179484696,35.5493900340001],[-92.17950302,35.5481377020001],[-92.172831763,35.5417887410001],[-92.168526495,35.541751387],[-92.1676607809999,35.5379719260001],[-92.1643126549999,35.5356791310001],[-92.161856682,35.535401747],[-92.158147996,35.5366238880001],[-92.155426238,35.533584428],[-92.145906565,35.532733524],[-92.1446655509999,35.5334769740001],[-92.1449075469999,35.5377489890001],[-92.151599657,35.542589293],[-92.153094577,35.545368845],[-92.151553673,35.545601016],[-92.145145784,35.542272698],[-92.141517469,35.538220387],[-92.139680599,35.5376966580001],[-92.1384195699999,35.539694195],[-92.134095864,35.54090553],[-92.126400484,35.541330821],[-92.119651646,35.540259324],[-92.118717512,35.5410060930001],[-92.11898195,35.5437681330001],[-92.1204600189999,35.5475532500001],[-92.118299655,35.5480355080001],[-92.110383373,35.5429282470001],[-92.109201029,35.5399029440001],[-92.1042816309999,35.5398529290001],[-92.1032435929999,35.5471279430001],[-92.099241895,35.5473387230001],[-92.096202911,35.5450433390001],[-92.093694888,35.5480297770001],[-92.0875402999999,35.5482210860001],[-92.085343628,35.5509601700001],[-92.0862250019999,35.5534829900001],[-92.0834494429999,35.5539542920001],[-92.0828103429999,35.5554564500001],[-92.087682656,35.558523861],[-92.087945136,35.561288006],[-92.086399796,35.561777615],[-92.082749273,35.5592246590001],[-92.080289116,35.5591991040001],[-92.07881184,35.5554152980001],[-92.0760726349999,35.5536261010001],[-92.073575649,35.5558629780001],[-92.073219065,35.558874759],[-92.068872087,35.561342568],[-92.0669364509999,35.566847716],[-92.0641314809999,35.5690778360001],[-92.0635407949999,35.567563675],[-92.065115669,35.5653197560001],[-92.06520626,35.559792357],[-92.070487806,35.556582706],[-92.070823794,35.5548272790001],[-92.069918122,35.5538142080001],[-92.063767242,35.553750586],[-92.0631648849999,35.5529861030001],[-92.065350236,35.5509993740001],[-92.065686752,35.549244011],[-92.060229831,35.544412698],[-92.0590659109999,35.540383729],[-92.062845763,35.534896453],[-92.063530774,35.530629457],[-92.066658547,35.5273983160001],[-92.0669988399999,35.5253919690001],[-92.064875912,35.52361039],[-92.0667691899999,35.520614616],[-92.063695638,35.520584657],[-92.063400326,35.519826478],[-92.068429142,35.5130967330001],[-92.067212339,35.5123284650001],[-92.0619455039999,35.514788175],[-92.057974743,35.5132380850001],[-92.0528200749999,35.5089088510001],[-92.050676986,35.5083840680001],[-92.046606708,35.5128636810001],[-92.046573082,35.51487201],[-92.04808048,35.516649918],[-92.046797033,35.519900729],[-92.047652338,35.523930174],[-92.049451098,35.526710747],[-92.051598617,35.5269864700001],[-92.054739447,35.523001649],[-92.055636797,35.524519814],[-92.054656821,35.5280263330001],[-92.0555168,35.5318020920001],[-92.057028562,35.533324067],[-92.054199652,35.537061651],[-92.052271602,35.5420707910001],[-92.051877319,35.5473376900001],[-92.053983976,35.550129607],[-92.05328617,35.555143425],[-92.052043079,35.55588369],[-92.0508297009999,35.5548663070001],[-92.049666395,35.5508372030001],[-92.045656208,35.551544252],[-92.0423357939999,35.547741902],[-92.03895352,35.547700696],[-92.037171346,35.543916768],[-92.034121408,35.542375991],[-92.033161548,35.544623362],[-92.0288144,35.5470896370001],[-92.0269266829999,35.5495824540001],[-92.024466516,35.549555641],[-92.0223519099999,35.5472730920001],[-92.0201784939999,35.5485026440001],[-92.020708176,35.55353103],[-92.016970865,35.5562545700001],[-92.016308252,35.5590150250001],[-92.013540291,35.5589842160001],[-92.01326714,35.5569713450001],[-92.015804512,35.552474332],[-92.014271316,35.5522084850001],[-92.0127121799999,35.5534463290001],[-92.010451874,35.559702686],[-92.007978685,35.560427315],[-92.00553988,35.5591433280001],[-92.0021088619999,35.561870372],[-91.999332571,35.562339207],[-91.99293864,35.558499414],[-91.992969169,35.556739958],[-91.994515399,35.556256422],[-91.997547482,35.5588036820001],[-92.000315487,35.55883534],[-92.0077744709999,35.554397431],[-92.010286536,35.551408414],[-92.014617496,35.549950573],[-92.017452986,35.5459623040001],[-92.0175257939999,35.541691814],[-92.01938375,35.54095857],[-92.023637455,35.544020131],[-92.0251752629999,35.5440362690001],[-92.025520676,35.541776413],[-92.023760556,35.536733381],[-92.024418199,35.534228345],[-92.023816025,35.5334680570001],[-92.020429774,35.5336821500001],[-92.018610822,35.532153308],[-92.017017962,35.535404225],[-92.014857229,35.5358795990001],[-92.0121240839999,35.533842029],[-92.0016752399999,35.533475573],[-91.995430886,35.538928766],[-91.99485035,35.536911678],[-91.991788946,35.53612609],[-91.989671593,35.5340943090001],[-91.980474336,35.532479537],[-91.980492177,35.531474331],[-91.987317105,35.528038961],[-91.991080306,35.5238109250001],[-91.994128023,35.525348282],[-91.993136305,35.5293591240001],[-91.994036696,35.530626512],[-92.0100362269999,35.5300512160001],[-92.013132221,35.5288300990001],[-92.0157199939999,35.5213214450001],[-92.023097622,35.5214021780001],[-92.031351063,35.5242530670001],[-92.03656868,35.524813184],[-92.036855107,35.526074038],[-92.033755766,35.527545117],[-92.0334186379999,35.529300198],[-92.036155892,35.5310903910001],[-92.035166563,35.5350968330001],[-92.039151035,35.5358963570001],[-92.041033208,35.5336569030001],[-92.0440909119999,35.5346968270001],[-92.044432063,35.532688148],[-92.042662711,35.528148016],[-92.043331565,35.524886644],[-92.04123025,35.5218481650001],[-92.041305681,35.5173308980001],[-92.038269424,35.515033832],[-92.037684133,35.5132708],[-92.042673468,35.509053044],[-92.04613743,35.5040627830001],[-92.052587557,35.5043851040001],[-92.054140376,35.5034003270001],[-92.056378378,35.498146766],[-92.0515166499999,35.494826791],[-92.0558632359999,35.49211067],[-92.063192885,35.4949514320001],[-92.060631642,35.5012064960001],[-92.0602581909999,35.505223716],[-92.061163688,35.506236997],[-92.063614214,35.506763408],[-92.0688638889999,35.5053135320001],[-92.073457359,35.5063686660001],[-92.077161727,35.5054029830001],[-92.081140944,35.5064497070001],[-92.081816483,35.502685566],[-92.079123513,35.498138399],[-92.079151887,35.4963790830001],[-92.081323412,35.495141618],[-92.0861311259999,35.501976568],[-92.088557474,35.504015017],[-92.090093936,35.50402833],[-92.091958135,35.502791169],[-92.094197809,35.4972897910001],[-92.097322719,35.4940533660001],[-92.099170337,35.4938214840001],[-92.1003874799999,35.4945892120001],[-92.1002960389999,35.5003632510001],[-92.095905223,35.5058506890001],[-92.0951426239999,35.515135366],[-92.096671263,35.515653559],[-92.09792853,35.513907859],[-92.103473903,35.5132098650001],[-92.1103266229999,35.507505016],[-92.113270347,35.4962279740001],[-92.113676251,35.489952982],[-92.103918946,35.4850799700001],[-92.0992503479999,35.4887969930001],[-92.0977297169999,35.487780699],[-92.097187305,35.483248636],[-92.091684974,35.481435128],[-92.09186536,35.4701299390001],[-92.1010856239999,35.469975838],[-92.104492368,35.4682490120001],[-92.1084936509999,35.467788967],[-92.1155273809999,35.46987261],[-92.1201354999999,35.469915932],[-92.127247612,35.466978946],[-92.135203371,35.4690662940001],[-92.14044441,35.467862127],[-92.1457090329999,35.465149737],[-92.1487617069999,35.4664359880001],[-92.152462758,35.465467813],[-92.155887693,35.4624873130001],[-92.157112381,35.462751725],[-92.155819374,35.467009074],[-92.156668353,35.4717888340001],[-92.152966868,35.472757705],[-92.152913439,35.476276168],[-92.145816907,35.4782162760001],[-92.143328539,35.480200548],[-92.138607927,35.487437933],[-92.13820435,35.4937152900001],[-92.140289522,35.4980107150001],[-92.137746235,35.5035069510001],[-92.1308881259999,35.5097209510001],[-92.130829654,35.513488566],[-92.1329580029999,35.515019527],[-92.14493436,35.515891174],[-92.167320455,35.5196268820001],[-92.171909161,35.521180702],[-92.179279343,35.5217515890001],[-92.184771886,35.5245706900001],[-92.198913443,35.5247042450001],[-92.207539493,35.5235309490001],[-92.214353266,35.520075021],[-92.215885854,35.5203406750001],[-92.2127221489999,35.5265916980001],[-92.2139192929999,35.528864178],[-92.215752937,35.5296335850001],[-92.213738775,35.541424675],[-92.212201744,35.541409044],[-92.207958532,35.537097912],[-92.204822037,35.541340774],[-92.194323289,35.5442555160001],[-92.1906554019999,35.5427138360001],[-92.18918762,35.537928375],[-92.187372406,35.5358995940001],[-92.184897884,35.5368817310001],[-92.18454604,35.5398942410001],[-92.1814861239999,35.5388579670001],[-92.1812454499999,35.534336598],[-92.1747813059999,35.5347758020001],[-92.173829309,35.536777348],[-92.184761094,35.5461751290001],[-92.1914045619999,35.554532087],[-92.197104901,35.5643811790001],[-92.2012574679999,35.5749769230001],[-92.2058760319999,35.5747676240001],[-92.207439546,35.5730243090001],[-92.210327787,35.5647603030001],[-92.2118620159999,35.5650233060001],[-92.213656725,35.5685576770001],[-92.2148981569999,35.5678183200001],[-92.215252186,35.564552174],[-92.2195947019999,35.562082973],[-92.219662982,35.557307101],[-92.221844171,35.5553172890001],[-92.229483494,35.558904908],[-92.2297233309999,35.5636818740001],[-92.228464591,35.565678516],[-92.222295033,35.5668804960001],[-92.221010491,35.5706363],[-92.217580103,35.573868503],[-92.2169218989999,35.576877116],[-92.218749467,35.5781540670001],[-92.216839098,35.5826586840001],[-92.2211211589999,35.584453764],[-92.2269881559999,35.5829990880001],[-92.227363571,35.5782312960001],[-92.2339125079999,35.572007607],[-92.245906492,35.572372537],[-92.2465878469999,35.5676037590001],[-92.2540956459999,35.558624739],[-92.2581384539999,35.5553965350001],[-92.2739259589999,35.5479952860001],[-92.275835833,35.54324051],[-92.277373126,35.5432512420001],[-92.27886341,35.546783293],[-92.278504788,35.550547825],[-92.2830975969999,35.5520972250001],[-92.285808264,35.5563904470001],[-92.28953861,35.553410904],[-92.289552597,35.5524013020001],[-92.288332343,35.551639977],[-92.288055102,35.549374368],[-92.284712999,35.5463310820001],[-92.283823615,35.5438137840001],[-92.284459134,35.542310338],[-92.287209885,35.543587159],[-92.2927516029999,35.543135573],[-92.295465597,35.547179418],[-92.301308702,35.54722681],[-92.303133948,35.5487510660001],[-92.321329688,35.5448828180001],[-92.334296389,35.540972944],[-92.341102146,35.537760549],[-92.345140742,35.534527004],[-92.347039023,35.5302737600001],[-92.353197301,35.529567634],[-92.3571691399999,35.531607696],[-92.359635043,35.5311244280001],[-92.362128675,35.5283856470001],[-92.366774392,35.5256560870001],[-92.369286314,35.521404481],[-92.377242365,35.524482371],[-92.3879932999999,35.5253217910001],[-92.387667543,35.526824452],[-92.383025824,35.5293013530001],[-92.383628448,35.5303108900001],[-92.396263416,35.527898285],[-92.39599543,35.5246282470001],[-92.3996990049999,35.523397835],[-92.402188506,35.5209073],[-92.404322308,35.5224330090001],[-92.4080229849999,35.5214517580001],[-92.415386919,35.5227680080001],[-92.4175148859999,35.5247892350001],[-92.403660431,35.5264462170001],[-92.3931261499999,35.533145549],[-92.388499268,35.534370353],[-92.380846423,35.5315478320001],[-92.378073232,35.53202608],[-92.3743497849999,35.5347635890001],[-92.369722624,35.535980904],[-92.368750988,35.539990167],[-92.364710141,35.543478647],[-92.364691606,35.5449845320001],[-92.370233044,35.5445268670001],[-92.375721868,35.548339792],[-92.380261696,35.554403167],[-92.379929865,35.556408301],[-92.3768178879999,35.559399371],[-92.376452017,35.5641716480001],[-92.3792263299999,35.5636937780001],[-92.38234159,35.5604491190001],[-92.3869854499999,35.55797225],[-92.3891234819999,35.5592447000001],[-92.391219088,35.5640362450001],[-92.395817945,35.5653272540001],[-92.395802842,35.566584096],[-92.391783345,35.5683140990001],[-92.391732377,35.572582421],[-92.3944765749999,35.574612963],[-92.4137903229999,35.5805366590001],[-92.417461738,35.5823224310001],[-92.423554437,35.5876453430001],[-92.41464888,35.586074007],[-92.4082376919999,35.5817506760001],[-92.400859764,35.5811926270001],[-92.393505708,35.578623103],[-92.388327255,35.574313671],[-92.38352336,35.5644793390001],[-92.3791836079999,35.567208405],[-92.373049839,35.565653664],[-92.3721455209999,35.5641379960001],[-92.372594597,35.5525855700001],[-92.3713949469999,35.5500653170001],[-92.370177312,35.5490468780001],[-92.3674001959999,35.5497784900001],[-92.364844147,35.557549296],[-92.3614580619999,35.557771518],[-92.356891321,35.553965426],[-92.356913,35.5522103820001],[-92.359718035,35.5492166660001],[-92.359438717,35.546951187],[-92.353915859,35.5459069660001],[-92.3549106999999,35.540130984],[-92.3533947339999,35.538364019],[-92.350320199,35.5383378390001],[-92.349077689,35.5393323330001],[-92.349303446,35.54586656],[-92.351110352,35.5488959150001],[-92.3507871959999,35.5501494740001],[-92.348619024,35.5513854100001],[-92.345870213,35.5498564740001],[-92.338812968,35.548543554],[-92.338172231,35.550550054],[-92.340923943,35.5518302880001],[-92.339367153,35.553323859],[-92.332594958,35.5537689010001],[-92.328311879,35.551978191],[-92.325845443,35.5524585200001],[-92.32335597,35.554700757],[-92.3233397339999,35.55595463],[-92.325168847,35.557227697],[-92.3343446869999,35.561320935],[-92.3355521399999,35.5630913570001],[-92.320542594,35.5581915320001],[-92.318690816,35.5586809340001],[-92.319535043,35.5647168680001],[-92.318304733,35.56470784],[-92.3137694869999,35.5586399430001],[-92.31130236,35.559122206],[-92.309728703,35.561872362],[-92.304787545,35.563337188],[-92.3016719729999,35.566328304],[-92.2970280659999,35.5685479970001],[-92.290879536,35.5682410370001],[-92.28930442,35.5709909780001],[-92.284984422,35.5719613420001],[-92.284048035,35.5729587760001],[-92.28462274,35.5759797330001],[-92.293464036,35.582084234],[-92.2925106659999,35.58433562],[-92.2937248759999,35.585601963],[-92.293698284,35.587610204],[-92.2894243389999,35.5850620320001],[-92.280031956,35.574181373],[-92.274497968,35.57387822],[-92.272300222,35.57712818],[-92.271066284,35.5773654650001],[-92.269247966,35.5753424430001],[-92.267084159,35.5760763580001],[-92.263973299,35.5785637060001],[-92.26395597,35.5798160030001],[-92.266386597,35.582098048],[-92.266061431,35.583352855],[-92.261767939,35.5823093980001],[-92.259600646,35.5832945490001],[-92.2574505009999,35.5830250720001],[-92.254740611,35.5787288080001],[-92.2522725709999,35.5792097660001],[-92.251013883,35.5812109190001],[-92.2491613129999,35.581694456],[-92.247671375,35.578166417],[-92.242113037,35.5796212560001],[-92.239382507,35.5768328080001],[-92.2369217139999,35.576810714],[-92.2310272239999,35.5802723090001],[-92.2303833289999,35.5822781840001],[-92.231284699,35.583797329],[-92.235620672,35.582327353],[-92.237455832,35.582595386],[-92.237438175,35.5838514970001],[-92.234651516,35.5850828150001],[-92.236434016,35.5896199530001],[-92.2299616349999,35.590316106],[-92.227740153,35.5950711890001],[-92.224351923,35.5952892450001],[-92.222838166,35.593515908],[-92.218823873,35.594482853],[-92.217907715,35.5939736280001],[-92.2188881879999,35.589963249],[-92.216423318,35.5901892810001],[-92.2117534389999,35.5939185400001],[-92.211387856,35.597934142],[-92.202152359,35.5980971430001],[-92.1891724289999,35.601742691],[-92.17777503,35.602389212],[-92.17497574,35.6043706520001],[-92.168512514,35.6043090060001],[-92.1669591369999,35.605300437],[-92.167240176,35.6070611060001],[-92.174251593,35.611648281],[-92.17703273,35.6109259740001],[-92.1810970069999,35.606690454],[-92.184189335,35.6057180990001],[-92.186647957,35.6059927650001],[-92.190318614,35.6075346750001],[-92.1973129089999,35.613379514],[-92.199661706,35.621190545],[-92.204601623,35.620233152],[-92.2101351919999,35.6207866400001],[-92.212231622,35.62482773],[-92.206596485,35.631306024],[-92.206878758,35.6330647400001],[-92.209001191,35.635350842],[-92.219698504,35.6409740060001],[-92.222365085,35.6482876090001],[-92.220803991,35.6497799040001],[-92.2183692249999,35.6477485940001]],[[-92.259870141,35.5637015560001],[-92.2666919869999,35.5597390770001],[-92.266715674,35.5579822930001],[-92.263968405,35.556449075],[-92.258104422,35.5579056610001],[-92.25623092,35.55990231],[-92.256196454,35.562411098],[-92.257412903,35.563426264],[-92.259870141,35.5637015560001]],[[-92.087620215,35.524101011],[-92.09082696,35.5158445320001],[-92.085654264,35.512524457],[-92.083793709,35.5135126210001],[-92.083769451,35.515018212],[-92.08589692,35.516545476],[-92.085852438,35.5193080220001],[-92.0833810889999,35.520038824],[-92.080934282,35.519256983],[-92.079041229,35.5222533360001],[-92.08638239,35.5245898470001],[-92.087620215,35.524101011]],[[-92.0296351489999,35.5323375040001],[-92.025762899,35.5274609800001],[-92.024528751,35.5276977770001],[-92.024178837,35.53020703],[-92.0256990779999,35.531228894],[-92.026275315,35.5334948570001],[-92.028419297,35.534022409],[-92.0296351489999,35.5323375040001]],[[-92.07519739,35.5317581790001],[-92.074513027,35.53602296],[-92.0704955859999,35.5372382240001],[-92.07077829,35.538748023],[-92.0768873069999,35.5413270270001],[-92.0796669759999,35.5406023630001],[-92.079189925,35.532053558],[-92.0776651,35.531281145],[-92.07519739,35.5317581790001]]]},"properties":{"OBJECTID":100497,"MapUnit":"water","IdentityConfidence":"certain","Label":null,"Symbol":"300","DataSourceID":"1032","Notes":null,"MapUnitPolys_ID":"8_100497","MapSourceID":"map49","Source_MapUnit":"49|water","Name":"Water and ice","Age":"Modern","color_rgba":[204,255,255,255],"fill":"#ccffff","fillOpacity":1.0}},{"type":"Feature","id":100923,"geometry":{"type":"Polygon","coordinates":[[[-92.258052589,35.561673629],[-92.259939049,35.5586765360001],[-92.263640365,35.5579559760001],[-92.2645457199999,35.559221145],[-92.2602054659999,35.561696462],[-92.258052589,35.561673629]]]},"properties":{"OBJECTID":100923,"MapUnit":"PNsm","IdentityConfidence":"certain","Label":null,"Symbol":"503","DataSourceID":"1032","Notes":null,"MapUnitPolys_ID":"8_100923","MapSourceID":"map49","Source_MapUnit":"49|PNa-OZ","Name":"Sedimentary rocks","Age":"Middle Pennsylvanian","color_rgba":[153,204,255,255],"fill":"#99ccff","fillOpacity":1.0}},{"type":"Feature","id":100631,"geometry":{"type":"Polygon","coordinates":[[[-92.0794161009999,35.4691352460001],[-92.071640352,35.4669057040001],[-92.083205208,35.4604123710001],[-92.129475107,35.442916521],[-92.119892401,35.45083499],[-92.0961564739999,35.4626862320001],[-92.085173439,35.469595423],[-92.0794161009999,35.4691352460001]]]},"properties":{"OBJECTID":100631,"MapUnit":"PNsm","IdentityConfidence":"certain","Label":null,"Symbol":"503","DataSourceID":"1032","Notes":null,"MapUnitPolys_ID":"8_100631","MapSourceID":"map49","Source_MapUnit":"49|PNa-OZ","Name":"Sedimentary rocks","Age":"Middle Pennsylvanian","color_rgba":[153,204,255,255],"fill":"#99ccff","fillOpacity":1.0}},{"type":"Feature","id":100877,"geometry":{"type":"Polygon","coordinates":[[[-92.004092261,35.487530845],[-92.0012799849999,35.484979391],[-92.0013233619999,35.482468431],[-92.0053517869999,35.480506265],[-92.007895616,35.4755091110001],[-92.0144382029999,35.470290441],[-92.034038199,35.474037738],[-92.032451425,35.477037248],[-92.0287142769999,35.480009819],[-92.021605284,35.4824446430001],[-92.011679471,35.487859203],[-92.006140151,35.488303569],[-92.004092261,35.487530845]]]},"properties":{"OBJECTID":100877,"MapUnit":"PNsm","IdentityConfidence":"certain","Label":null,"Symbol":"503","DataSourceID":"1032","Notes":null,"MapUnitPolys_ID":"8_100877","MapSourceID":"map49","Source_MapUnit":"49|PNa-OZ","Name":"Sedimentary rocks","Age":"Middle Pennsylvanian","color_rgba":[153,204,255,255],"fill":"#99ccff","fillOpacity":1.0}},{"type":"Feature","id":101212,"geometry":{"type":"Polygon","coordinates":[[[-92.08589692,35.516545476],[-92.083769451,35.515018212],[-92.083793709,35.5135126210001],[-92.085654264,35.512524457],[-92.09082696,35.5158445320001],[-92.089490228,35.5192864790001],[-92.085852438,35.5193080220001],[-92.08589692,35.516545476]]]},"properties":{"OBJECTID":101212,"MapUnit":"PNse","IdentityConfidence":"certain","Label":null,"Symbol":"604","DataSourceID":"1032","Notes":null,"MapUnitPolys_ID":"8_101212","MapSourceID":"map49","Source_MapUnit":"49|PNbh","Name":"Sedimentary rocks","Age":"Early Pennsylvanian","color_rgba":[128,179,255,255],"fill":"#80b3ff","fillOpacity":1.0}},{"type":"Feature","id":101246,"geometry":{"type":"Polygon","coordinates":[[[-92.0127121799999,35.5534463290001],[-92.014271316,35.5522084850001],[-92.015804512,35.552474332],[-92.01326714,35.5569713450001],[-92.013540291,35.5589842160001],[-92.016308252,35.5590150250001],[-92.016970865,35.5562545700001],[-92.020708176,35.55353103],[-92.0201784939999,35.5485026440001],[-92.0223519099999,35.5472730920001],[-92.024466516,35.549555641],[-92.0269266829999,35.5495824540001],[-92.0288144,35.5470896370001],[-92.033161548,35.544623362],[-92.037171346,35.543916768],[-92.03895352,35.547700696],[-92.0423357939999,35.547741902],[-92.045656208,35.551544252],[-92.049666395,35.5508372030001],[-92.0508297009999,35.5548663070001],[-92.052043079,35.55588369],[-92.05328617,35.555143425],[-92.053983976,35.550129607],[-92.051877319,35.5473376900001],[-92.052271602,35.5420707910001],[-92.0590659109999,35.540383729],[-92.060229831,35.544412698],[-92.065686752,35.549244011],[-92.065350236,35.5509993740001],[-92.0631648849999,35.5529861030001],[-92.063767242,35.553750586],[-92.069918122,35.5538142080001],[-92.070823794,35.5548272790001],[-92.070487806,35.556582706],[-92.06520626,35.559792357],[-92.010451874,35.559702686],[-92.0127121799999,35.5534463290001]]]},"properties":{"OBJECTID":101246,"MapUnit":"PNse","IdentityConfidence":"certain","Label":null,"Symbol":"604","DataSourceID":"1032","Notes":null,"MapUnitPolys_ID":"8_101246","MapSourceID":"map49","Source_MapUnit":"49|PNbh","Name":"Sedimentary rocks","Age":"Early Pennsylvanian","color_rgba":[128,179,255,255],"fill":"#80b3ff","fillOpacity":1.0}},{"type":"Feature","id":101240,"geometry":{"type":"Polygon","coordinates":[[[-92.033161548,35.544623362],[-92.034121408,35.542375991],[-92.037171346,35.543916768],[-92.033161548,35.544623362]]]},"properties":{"OBJECTID":101240,"MapUnit":"PNse","IdentityConfidence":"certain","Label":null,"Symbol":"604","DataSourceID":"1032","Notes":null,"MapUnitPolys_ID":"8_101240","MapSourceID":"map49","Source_MapUnit":"49|PNbh","Name":"Sedimentary rocks","Age":"Early Pennsylvanian","color_rgba":[128,179,255,255],"fill":"#80b3ff","fillOpacity":1.0}},{"type":"Feature","id":101180,"geometry":{"type":"Polygon","coordinates":[[[-92.0264438789999,35.533536333],[-92.0256990779999,35.531228894],[-92.024178837,35.53020703],[-92.024528751,35.5276977770001],[-92.025762899,35.5274609800001],[-92.0296784179999,35.5322775290001],[-92.028419297,35.534022409],[-92.0264438789999,35.533536333]]]},"properties":{"OBJECTID":101180,"MapUnit":"PNse","IdentityConfidence":"certain","Label":null,"Symbol":"604","DataSourceID":"1032","Notes":null,"MapUnitPolys_ID":"8_101180","MapSourceID":"map49","Source_MapUnit":"49|PNbh","Name":"Sedimentary rocks","Age":"Early Pennsylvanian","color_rgba":[128,179,255,255],"fill":"#80b3ff","fillOpacity":1.0}},{"type":"Feature","id":101229,"geometry":{"type":"Polygon","coordinates":[[[-92.035166563,35.5350968330001],[-92.036155892,35.5310903910001],[-92.0334186379999,35.529300198],[-92.033755766,35.527545117],[-92.036855107,35.526074038],[-92.03656868,35.524813184],[-92.043331565,35.524886644],[-92.042662711,35.528148016],[-92.044432063,35.532688148],[-92.0440909119999,35.5346968270001],[-92.041033208,35.5336569030001],[-92.039151035,35.5358963570001],[-92.035166563,35.5350968330001]]]},"properties":{"OBJECTID":101229,"MapUnit":"PNse","IdentityConfidence":"certain","Label":null,"Symbol":"604","DataSourceID":"1032","Notes":null,"MapUnitPolys_ID":"8_101229","MapSourceID":"map49","Source_MapUnit":"49|PNbh","Name":"Sedimentary rocks","Age":"Early Pennsylvanian","color_rgba":[128,179,255,255],"fill":"#80b3ff","fillOpacity":1.0}},{"type":"Feature","id":101257,"geometry":{"type":"Polygon","coordinates":[[[-92.157065159,35.608218949],[-92.160511221,35.6042346790001],[-92.1629616609999,35.605008049],[-92.157065159,35.608218949]]]},"properties":{"OBJECTID":101257,"MapUnit":"PNse","IdentityConfidence":"certain","Label":null,"Symbol":"604","DataSourceID":"1032","Notes":null,"MapUnitPolys_ID":"8_101257","MapSourceID":"map49","Source_MapUnit":"49|PNbh","Name":"Sedimentary rocks","Age":"Early Pennsylvanian","color_rgba":[128,179,255,255],"fill":"#80b3ff","fillOpacity":1.0}},{"type":"Feature","id":100893,"geometry":{"type":"Polygon","coordinates":[[[-92.249452705,35.5163742440001],[-92.257267981,35.5118027840001],[-92.301047924,35.490755791],[-92.315559352,35.4828824740001],[-92.328141989,35.4734335960001],[-92.3457127089999,35.4580820620001],[-92.354160782,35.4487863620001],[-92.361220144,35.443894469],[-92.383853383,35.4406153570001],[-92.382957238,35.4461935030001],[-92.380951566,35.4487814390001],[-92.3746789419999,35.4519954510001],[-92.3653229889999,35.4556820510001],[-92.35960119,35.4621292890001],[-92.355786311,35.4680673450001],[-92.355379801,35.471650331],[-92.356764049,35.4771808850001],[-92.338775466,35.4889254500001],[-92.30929997,35.5042832720001],[-92.29125786,35.516742585],[-92.285701182,35.5184531100001],[-92.282968265,35.5159195160001],[-92.27966478,35.510111269],[-92.276222815,35.5146016320001],[-92.272189625,35.5173299210001],[-92.2657098879999,35.519033409],[-92.25955894,35.5192274550001],[-92.249452705,35.5163742440001]]]},"properties":{"OBJECTID":100893,"MapUnit":"PNsm","IdentityConfidence":"certain","Label":null,"Symbol":"503","DataSourceID":"1032","Notes":null,"MapUnitPolys_ID":"8_100893","MapSourceID":"map49","Source_MapUnit":"49|PNa-OZ","Name":"Sedimentary rocks","Age":"Middle Pennsylvanian","color_rgba":[153,204,255,255],"fill":"#99ccff","fillOpacity":1.0}},{"type":"Feature","id":101334,"geometry":{"type":"Polygon","coordinates":[[[-92.0217382289999,35.72867989],[-92.021194472,35.7244002470001],[-92.0193962399999,35.721364968],[-92.014785452,35.720560978],[-92.014528694,35.717544639],[-92.009649426,35.7144733530001],[-92.0103559459999,35.7092031810001],[-92.001874629,35.700563995],[-92.0041481539999,35.693804679],[-92.0026682989999,35.6902728740001],[-92.002485721,35.682980952],[-91.996502999,35.6726138510001],[-91.9972798049999,35.663326623],[-91.9991536859999,35.661839038],[-92.017371788,35.659277107],[-92.019835587,35.6593040920001],[-92.0207422239999,35.6603177270001],[-92.020391611,35.6628270690001],[-92.0134183919999,35.6743089230001],[-92.01695217,35.6838983820001],[-92.016558268,35.6889194730001],[-92.012980493,35.6999336900001],[-92.0132500299999,35.7022003640001],[-92.026094569,35.708118643],[-92.028221838,35.7099009390001],[-92.028179429,35.712416691],[-92.02351436,35.714877292],[-92.024960934,35.720419415],[-92.0237033179999,35.7219155130001],[-92.023985436,35.723427955],[-92.0257927339999,35.7259602720001],[-92.02575847,35.727968934],[-92.0235708559999,35.7297016590001],[-92.0217382289999,35.72867989]]]},"properties":{"OBJECTID":101334,"MapUnit":"PNse","IdentityConfidence":"certain","Label":null,"Symbol":"604","DataSourceID":"1032","Notes":null,"MapUnitPolys_ID":"8_101334","MapSourceID":"map49","Source_MapUnit":"49|PNbh","Name":"Sedimentary rocks","Age":"Early Pennsylvanian","color_rgba":[128,179,255,255],"fill":"#80b3ff","fillOpacity":1.0}},{"type":"Feature","id":100870,"geometry":{"type":"Polygon","coordinates":[[[-92.038629767,35.475094192],[-92.014162228,35.470237653],[-91.946226923,35.4532007870001],[-91.916776165,35.4510927110001],[-91.896075189,35.4410444370001],[-91.8630034989999,35.4358629060001],[-91.8628496429999,35.427821051],[-91.861069689,35.4245325210001],[-91.859539838,35.4242624720001],[-91.855491198,35.4272289350001],[-91.851787321,35.428187108],[-91.845374137,35.4263476],[-91.8451159109999,35.4238320800001],[-91.848238988,35.4211055060001],[-91.8486183859999,35.4173428010001],[-91.852345091,35.415128114],[-91.8529881969999,35.413632008],[-91.852081702,35.412866185],[-91.841933087,35.4137437470001],[-91.838566379,35.413196095],[-91.836749078,35.411918036],[-91.830879347,35.398026482],[-91.8236712039999,35.3898979800001],[-91.823399148,35.388134569],[-91.830520145,35.384956],[-91.833904956,35.3844986600001],[-91.836320848,35.3865378410001],[-91.841546699,35.3861017890001],[-91.842486137,35.3851081940001],[-91.841935688,35.3818388610001],[-91.840445438,35.379558139],[-91.835896873,35.37673863],[-91.835930971,35.3749800300001],[-91.839383718,35.371003924],[-91.8406783729999,35.367502517],[-91.852853865,35.3566035110001],[-91.8541190619999,35.3546097780001],[-91.848914567,35.354043269],[-91.847702308,35.3532728930001],[-91.8477460569999,35.351011251],[-91.849644278,35.3480193080001],[-91.854934108,35.3440710940001],[-91.8540581299999,35.3417959080001],[-91.860267686,35.3378545690001],[-91.860291575,35.336598399],[-91.887309266,35.330124837],[-91.9049675479999,35.3241137890001],[-91.912348293,35.320702172],[-91.9460098919999,35.2898016660001],[-91.956706858,35.276326372],[-91.9639025769999,35.270275584],[-91.979360163,35.279998429],[-91.993290458,35.289702364],[-92.022004325,35.313634403],[-92.0396207059999,35.323623254],[-92.048772803,35.326487037],[-92.082127569,35.330860618],[-92.099588609,35.3320450140001],[-92.1321139469999,35.3308719990001],[-92.163737735,35.3284192450001],[-92.193577686,35.321927782],[-92.219052983,35.3201564240001],[-92.2282788699999,35.3182306210001],[-92.261542564,35.3230175960001],[-92.310306172,35.307614523],[-92.3415873449999,35.2955478920001],[-92.358279553,35.287378017],[-92.382607164,35.28412439],[-92.404373935,35.283537385],[-92.424860797,35.2874572960001],[-92.439868552,35.288321056],[-92.4754552699999,35.285058345],[-92.517157388,35.282828484],[-92.5281789749999,35.283906057],[-92.533981124,35.2859539200001],[-92.537633377,35.288486881],[-92.521626697,35.2900460380001],[-92.5088306549999,35.2925066290001],[-92.463410889,35.3070506080001],[-92.441286352,35.3167468720001],[-92.4273980899999,35.323566085],[-92.416260457,35.3280542680001],[-92.3838910219999,35.345377087],[-92.314142686,35.3805500170001],[-92.285996099,35.3898876390001],[-92.2698838649999,35.398322034],[-92.255831045,35.4042646390001],[-92.23212225,35.4127367890001],[-92.182892012,35.4267697010001],[-92.129475107,35.442916521],[-92.083205208,35.4604123710001],[-92.066679833,35.4696141220001],[-92.0484730379999,35.474443545],[-92.038629767,35.475094192]],[[-92.226756139,35.376317794],[-92.240685201,35.369567214],[-92.2571974859999,35.3594493680001],[-92.262674193,35.354076756],[-92.257417278,35.354959412],[-92.2413200459999,35.3604436860001],[-92.228121716,35.3675174960001],[-92.21730884,35.3752659240001],[-92.211351591,35.382719625],[-92.226756139,35.376317794]]]},"properties":{"OBJECTID":100870,"MapUnit":"PNsm","IdentityConfidence":"certain","Label":null,"Symbol":"503","DataSourceID":"1032","Notes":null,"MapUnitPolys_ID":"8_100870","MapSourceID":"map49","Source_MapUnit":"49|PNa-OZ","Name":"Sedimentary rocks","Age":"Middle Pennsylvanian","color_rgba":[153,204,255,255],"fill":"#99ccff","fillOpacity":1.0}},{"type":"Feature","id":101211,"geometry":{"type":"Polygon","coordinates":[[[-92.270320009,35.5243262870001],[-92.25334685,35.5220866880001],[-92.244506944,35.518339016],[-92.249452705,35.5163742440001],[-92.25955894,35.5192274550001],[-92.2657098879999,35.519033409],[-92.272189625,35.5173299210001],[-92.276222815,35.5146016320001],[-92.27966478,35.510111269],[-92.282968265,35.5159195160001],[-92.285701182,35.5184531100001],[-92.2790362969999,35.521951546],[-92.270320009,35.5243262870001]]]},"properties":{"OBJECTID":101211,"MapUnit":"PNse","IdentityConfidence":"certain","Label":null,"Symbol":"604","DataSourceID":"1032","Notes":null,"MapUnitPolys_ID":"8_101211","MapSourceID":"map49","Source_MapUnit":"49|PNbh","Name":"Sedimentary rocks","Age":"Early Pennsylvanian","color_rgba":[128,179,255,255],"fill":"#80b3ff","fillOpacity":1.0}},{"type":"Feature","id":101225,"geometry":{"type":"Polygon","coordinates":[[[-92.349077689,35.5393323330001],[-92.350320199,35.5383378390001],[-92.3533947339999,35.538364019],[-92.3549106999999,35.540130984],[-92.3491761399999,35.542182004],[-92.349077689,35.5393323330001]]]},"properties":{"OBJECTID":101225,"MapUnit":"PNse","IdentityConfidence":"certain","Label":null,"Symbol":"604","DataSourceID":"1032","Notes":null,"MapUnitPolys_ID":"8_101225","MapSourceID":"map49","Source_MapUnit":"49|PNbh","Name":"Sedimentary rocks","Age":"Early Pennsylvanian","color_rgba":[128,179,255,255],"fill":"#80b3ff","fillOpacity":1.0}},{"type":"Feature","id":101231,"geometry":{"type":"Polygon","coordinates":[[[-92.07077829,35.538748023],[-92.079570679,35.5388768660001],[-92.0796669759999,35.5406023630001],[-92.0768873069999,35.5413270270001],[-92.07077829,35.538748023]]]},"properties":{"OBJECTID":101231,"MapUnit":"PNse","IdentityConfidence":"certain","Label":null,"Symbol":"604","DataSourceID":"1032","Notes":null,"MapUnitPolys_ID":"8_101231","MapSourceID":"map49","Source_MapUnit":"49|PNbh","Name":"Sedimentary rocks","Age":"Early Pennsylvanian","color_rgba":[128,179,255,255],"fill":"#80b3ff","fillOpacity":1.0}},{"type":"Feature","id":100945,"geometry":{"type":"Polygon","coordinates":[[[-92.356182081,35.592624786],[-92.355829119,35.5898865630001],[-92.361414213,35.5861636980001],[-92.367272477,35.585204381],[-92.378933548,35.587807276],[-92.390972517,35.5846350900001],[-92.392492923,35.5861528460001],[-92.391862566,35.587405237],[-92.38784466,35.5888832890001],[-92.360407004,35.5929386870001],[-92.356182081,35.592624786]]]},"properties":{"OBJECTID":100945,"MapUnit":"PNsm","IdentityConfidence":"certain","Label":null,"Symbol":"503","DataSourceID":"1032","Notes":null,"MapUnitPolys_ID":"8_100945","MapSourceID":"map49","Source_MapUnit":"49|PNa-OZ","Name":"Sedimentary rocks","Age":"Middle Pennsylvanian","color_rgba":[153,204,255,255],"fill":"#99ccff","fillOpacity":1.0}},{"type":"Feature","id":101686,"geometry":{"type":"Polygon","coordinates":[[[-92.3571746389999,35.8776107940001],[-92.354517485,35.8677892540001],[-92.350848922,35.8647414530001],[-92.3487282849999,35.8614585390001],[-92.34846986,35.857434981],[-92.346944695,35.8559144000001],[-92.335843999,35.8545691360001],[-92.3340333089999,35.8512896230001],[-92.3210413739999,35.8529375620001],[-92.318311453,35.8491447920001],[-92.316166241,35.8478706920001],[-92.298878566,35.847475135],[-92.296116295,35.8461982900001],[-92.292763425,35.842900822],[-92.289065447,35.8423676950001],[-92.2783275209999,35.8372466320001],[-92.271847785,35.8369395650001],[-92.267879077,35.8336388660001],[-92.261649741,35.8376020480001],[-92.253605211,35.838789186],[-92.252963751,35.8405442530001],[-92.2498414729999,35.8430270700001],[-92.258146143,35.845363724],[-92.260272378,35.8478939080001],[-92.259624302,35.8501515130001],[-92.231816757,35.8511577680001],[-92.226645718,35.845582741],[-92.217074371,35.845491902],[-92.208098837,35.846920691],[-92.1927308849999,35.8419984860001],[-92.184179463,35.835635176],[-92.184837721,35.8328793920001],[-92.190449904,35.8291644510001],[-92.190468063,35.827907361],[-92.184938023,35.8260934580001],[-92.1791746549999,35.8192541340001],[-92.1807324329999,35.8182650190001],[-92.1862915359999,35.8180655560001],[-92.191215039,35.8191199190001],[-92.190649304,35.815592651],[-92.1796322329999,35.8092058930001],[-92.172835624,35.80964579],[-92.162704688,35.8060274630001],[-92.1531691659999,35.8039244010001],[-92.147965492,35.801109174],[-92.140652955,35.7950050530001],[-92.1391447839999,35.7927274],[-92.1391833879999,35.790217942],[-92.137344272,35.7894449230001],[-92.136765796,35.7869276070001],[-92.1324583749999,35.78612781],[-92.128194314,35.7825669600001],[-92.13072773,35.7783201400001],[-92.1261326809999,35.776263498],[-92.1212563889999,35.7724454040001],[-92.112758234,35.763565208],[-92.106613925,35.761993295],[-92.106277999,35.763748956],[-92.111413505,35.7705885350001],[-92.116218394,35.7789300160001],[-92.1167917019999,35.7816963060001],[-92.115522405,35.783947901],[-92.115411749,35.790980205],[-92.111950787,35.795219536],[-92.1159535739999,35.7957627390001],[-92.1183985979999,35.7972983510001],[-92.11835917,35.7998074860001],[-92.116171475,35.80154452],[-92.1074876059999,35.8042216760001],[-92.107159301,35.8054746660001],[-92.114161849,35.8115748270001],[-92.114446497,35.813084793],[-92.113505312,35.814081007],[-92.110723289,35.8143057710001],[-92.1082700969999,35.8132774150001],[-92.1052200459999,35.8109817440001],[-92.101291977,35.805666167],[-92.0939344669999,35.8025735620001],[-92.0928049939999,35.7960277510001],[-92.0915906929999,35.7947591600001],[-92.0891269909999,35.794484648],[-92.077332972,35.7986319990001],[-92.0874015809999,35.8057731810001],[-92.104539055,35.8149967410001],[-92.103822072,35.8212711800001],[-92.105297454,35.825558298],[-92.1043436849999,35.827308638],[-92.098077783,35.8330248],[-92.09653425,35.8330070380001],[-92.096610426,35.828234772],[-92.09569258,35.82772442],[-92.0762746509999,35.8257623000001],[-92.063990067,35.8218619030001],[-92.061821043,35.822342801],[-92.0571126739999,35.8270670000001],[-92.055256259,35.8272982070001],[-92.045271666,35.8151303760001],[-92.042903435,35.809072454],[-92.0392252409999,35.807523127],[-92.029807601,35.7986283920001],[-92.026430432,35.7975833950001],[-92.022774845,35.7947788180001],[-92.019634023,35.798009415],[-92.013733175,35.800210115],[-92.0146026149999,35.803483837],[-92.0083963499999,35.8054261790001],[-92.006828303,35.8069181270001],[-92.005820061,35.8116818020001],[-92.000195387,35.815636532],[-91.9979700809999,35.819382261],[-91.997608959,35.822394849],[-92.001208306,35.828466307],[-91.997130595,35.83218888],[-91.997338966,35.8379708520001],[-92.000352243,35.842278521],[-92.006127291,35.8476210960001],[-92.015900152,35.8540128010001],[-92.015779991,35.8610453250001],[-92.013558022,35.864540323],[-92.003040792,35.8654308750001],[-92.002123003,35.8649152420001],[-92.0014051589999,35.8528459730001],[-91.9962169359999,35.8492670050001],[-91.9935081789999,35.8452171760001],[-91.983967362,35.843353349],[-91.982167612,35.8403127600001],[-91.97725987,35.8385016890001],[-91.978829261,35.837010472],[-91.984408667,35.8358153980001],[-91.9847385689999,35.834562829],[-91.97984389,35.8319975580001],[-91.978049278,35.8287078210001],[-91.9753022369999,35.8269157510001],[-91.9682298179999,35.8253299530001],[-91.9584465729999,35.819939956],[-91.9479661839999,35.819063305],[-91.946745597,35.8182979480001],[-91.9470723809999,35.817292772],[-91.961327521,35.814190318],[-91.962270675,35.813195566],[-91.9546592729999,35.8073308420001],[-91.954400155,35.8045610250001],[-91.951949446,35.8035292760001],[-91.943605011,35.80418646],[-91.944588896,35.800929856],[-91.948972501,35.797460282],[-91.9490715589999,35.7919391070001],[-91.950681742,35.7881836220001],[-91.947927965,35.786897878],[-91.941744311,35.7875772],[-91.9321124319999,35.7912372980001],[-91.932585467,35.782194018],[-91.920011326,35.778024498],[-91.9216738379999,35.7715107340001],[-91.915588262,35.7669161530001],[-91.9143591709999,35.766646737],[-91.91092474,35.7688709540001],[-91.8982607249999,35.769724275],[-91.901139319,35.7642304120001],[-91.899961739,35.7611978150001],[-91.8850257619999,35.7517202500001],[-91.885063805,35.7497072840001],[-91.8922071649999,35.747033312],[-91.9113196329999,35.747514188],[-91.9150383149999,35.7465536940001],[-91.916289911,35.7455637150001],[-91.916327172,35.74355052],[-91.907815075,35.7369175490001],[-91.907847751,35.7351578970001],[-91.910355169,35.732924933],[-91.907295983,35.7316339130001],[-91.893699477,35.7332276240001],[-91.892798319,35.731959282],[-91.893835613,35.725944521],[-91.892925328,35.7251787180001],[-91.887329521,35.727621529],[-91.880548162,35.7275409310001],[-91.857684408,35.730022278],[-91.853696681,35.7289673980001],[-91.8506576029999,35.7266694950001],[-91.84495192,35.7188034260001],[-91.843078235,35.720041184],[-91.841136423,35.724786909],[-91.837383474,35.727506842],[-91.8164127649999,35.727741075],[-91.786548357,35.7255978090001],[-91.781369345,35.7225121170001],[-91.7811122749999,35.7199957490001],[-91.783047385,35.7157471800001],[-91.779986004,35.71470637],[-91.775897788,35.718669434],[-91.773006166,35.724413859],[-91.7704997869999,35.7263879610001],[-91.765547316,35.727328486],[-91.763112453,35.725789917],[-91.758453959,35.7124084380001],[-91.754222111,35.708333086],[-91.753067453,35.7045451010001],[-91.75497796,35.7015581630001],[-91.770235392,35.6939685150001],[-91.770568937,35.6927165560001],[-91.7628975059999,35.691108119],[-91.7626151809999,35.6898464450001],[-91.765156642,35.686110758],[-91.764551107,35.6856026020001],[-91.753753275,35.6862111310001],[-91.746558341,35.6913938880001],[-91.731393652,35.6944509370001],[-91.728652301,35.692906604],[-91.723738498,35.6920856090001],[-91.7189626049999,35.6847356370001],[-91.71442654,35.6806492520001],[-91.710454032,35.679086517],[-91.707660071,35.680057746],[-91.708392115,35.6891106240001],[-91.70621978,35.689838283],[-91.70077049,35.685235597],[-91.689761359,35.6813149560001],[-91.6879617019999,35.679026488],[-91.698817656,35.675659323],[-91.699455042,35.67466648],[-91.669367678,35.6697191280001],[-91.648732077,35.669424072],[-91.640823708,35.664790145],[-91.638052053,35.66474952],[-91.633382329,35.66694161],[-91.617669295,35.666965287],[-91.6158388869999,35.666185914],[-91.618347544,35.6642087660001],[-91.6183982269999,35.6619511850001],[-91.625620775,35.6557738670001],[-91.620100808,35.6546883670001],[-91.6174535339999,35.6491197020001],[-91.6124760229999,35.6513101080001],[-91.610521013,35.656053727],[-91.6089701669999,35.656536493],[-91.606523666,35.6557440930001],[-91.601482516,35.660698892],[-91.599315889,35.661163978],[-91.595489351,35.653322368],[-91.590476331,35.6570176110001],[-91.589941263,35.6534856150001],[-91.587215495,35.6514370260001],[-91.588247892,35.646678234],[-91.595866079,35.6367399420001],[-91.598038129,35.636019069],[-91.60132227,35.640591231],[-91.602547817,35.6408572610001],[-91.602923973,35.6378509520001],[-91.606030915,35.636641087],[-91.6051812809999,35.6333601750001],[-91.6140747589999,35.63500034],[-91.608971802,35.6291420090001],[-91.6087035799999,35.6273817900001],[-91.6112336419999,35.6244015460001],[-91.607892905,35.6223454820001],[-91.603383916,35.617503044],[-91.6150415449999,35.6163613730001],[-91.621913434,35.614841212],[-91.628999957,35.6121456170001],[-91.6321464009999,35.6087128280001],[-91.64842879,35.6076562710001],[-91.666802236,35.603594883],[-91.704651172,35.6043862070001],[-91.741537804,35.60664367],[-91.782826071,35.6046817880001],[-91.815153486,35.6043461260001],[-91.834506297,35.6063530280001],[-91.854129685,35.6103698540001],[-91.87863228,35.616952494],[-91.890248023,35.621366112],[-91.885835145,35.6268434],[-91.8863420819999,35.6326244810001],[-91.8838129919999,35.636114047],[-91.884827168,35.6476859370001],[-91.8866040569999,35.6514726120001],[-91.8902331479999,35.6550376320001],[-91.8981790669999,35.658401398],[-91.904011783,35.659477349],[-91.904916901,35.6604919100001],[-91.903031477,35.6624801570001],[-91.8971425999999,35.6644206140001],[-91.8949257849999,35.667656536],[-91.8904234839999,35.6613196370001],[-91.887642263,35.661792506],[-91.883259368,35.6655056280001],[-91.8820320569999,35.6652426680001],[-91.880312329,35.658432733],[-91.878204018,35.6558980630001],[-91.876351665,35.6561263130001],[-91.8728162309999,35.6638702050001],[-91.870934865,35.6656065780001],[-91.868148451,35.6663257980001],[-91.864240487,35.6612516910001],[-91.858615621,35.6654548220001],[-91.8490530609999,35.666088927],[-91.84753756,35.664810602],[-91.8478986059999,35.6620528030001],[-91.850411051,35.6595721040001],[-91.865293948,35.654480967],[-91.8721738529999,35.6490392470001],[-91.874092994,35.6452893900001],[-91.8738373739999,35.6425268470001],[-91.870806246,35.639975932],[-91.872161575,35.63345947],[-91.870958769,35.631934669],[-91.8681739689999,35.632653894],[-91.856821139,35.646585498],[-91.843507963,35.650186252],[-91.834875951,35.6505816910001],[-91.83588341,35.6463228850001],[-91.838380467,35.644594284],[-91.8563499959999,35.6390397660001],[-91.861333757,35.636088913],[-91.8635367479999,35.6336031800001],[-91.863252786,35.6323418420001],[-91.8623438819999,35.6315760860001],[-91.857110399,35.6315104920001],[-91.854695765,35.628970843],[-91.849629782,35.636192264],[-91.836968242,35.6380420560001],[-91.826089081,35.643182086],[-91.82054199,35.6433636560001],[-91.8202590659999,35.6420999740001],[-91.823074122,35.639880406],[-91.836762929,35.632763013],[-91.836889862,35.626232632],[-91.840359115,35.6220021300001],[-91.840705788,35.6200004890001],[-91.829966881,35.6181072950001],[-91.82602007,35.615292013],[-91.819869384,35.6149613160001],[-91.813445547,35.612870522],[-91.8121948529999,35.6138593760001],[-91.812105592,35.618376728],[-91.815650051,35.62596353],[-91.815223531,35.647564747],[-91.823453021,35.6519440450001],[-91.8279736439999,35.657026783],[-91.836288643,35.6571342290001],[-91.838116339,35.6581637510001],[-91.836185861,35.662408779],[-91.836117639,35.6659253020001],[-91.837930885,35.667706369],[-91.835706644,35.6714404750001],[-91.836288364,35.672963811],[-91.856704061,35.684775738],[-91.8579459379999,35.684289386],[-91.857969939,35.683037041],[-91.848315871,35.67236137],[-91.84865796,35.6706066350001],[-91.867042839,35.6758594630001],[-91.871004351,35.6781707000001],[-91.879610199,35.6792804610001],[-91.884724499,35.685876197],[-91.887506737,35.6854079300001],[-91.891871624,35.682697805],[-91.895763718,35.6887765220001],[-91.898550223,35.688056568],[-91.910098241,35.6801554480001],[-91.915293546,35.6824786490001],[-91.920544627,35.681787392],[-91.928654791,35.676355453],[-91.9301908099999,35.676622378],[-91.9322735379999,35.6806687710001],[-91.936518368,35.68448815],[-91.947831412,35.6893965040001],[-91.952461731,35.688946264],[-91.9543461649999,35.6869570970001],[-91.956936571,35.6799514580001],[-91.958476759,35.6799711090001],[-91.961164415,35.684775357],[-91.95925685,35.705359752],[-91.962276066,35.7089115520001],[-91.9669075159999,35.708460705],[-91.975365244,35.700769462],[-91.983095319,35.699351237],[-91.9849747809999,35.6976129240001],[-91.985679029,35.6925919490001],[-91.9854060169999,35.690578611],[-91.983570723,35.689805402],[-91.97551099,35.6924784400001],[-91.973051012,35.6921967980001],[-91.9730816759999,35.69044175],[-91.9809779719999,35.6794736190001],[-91.9819860439999,35.6747104570001],[-91.980868173,35.6681664750001],[-91.962173444,35.6626744660001],[-91.9612899369999,35.660403624],[-91.963780356,35.6589257570001],[-91.981026814,35.659119316],[-91.983811858,35.658399538],[-91.988219704,35.652922892],[-91.9993226399999,35.6520422680001],[-92.0308514449999,35.6453516770001],[-92.034837475,35.646400263],[-92.029838516,35.650618089],[-92.029180664,35.6531231760001],[-92.035892185,35.656965514],[-92.03674016,35.661498244],[-92.037951092,35.662769542],[-92.0478695319999,35.6591069580001],[-92.05595117,35.65466938],[-92.055868468,35.6596942400001],[-92.064750034,35.662807371],[-92.066807252,35.6688577480001],[-92.073300326,35.6674193150001],[-92.084024077,35.6710488780001],[-92.078118433,35.674255719],[-92.0835891579999,35.6788326700001],[-92.081433787,35.678813829],[-92.074393258,35.675973411],[-92.063903228,35.6768650390001],[-92.061759232,35.67608899],[-92.057517221,35.6717761560001],[-92.0531633429999,35.6742390480001],[-92.0421033709999,35.672362005],[-92.037778562,35.673069189],[-92.0355885,35.6750555310001],[-92.032022784,35.6855675140001],[-92.031942119,35.690345956],[-92.032857716,35.690856732],[-92.036880249,35.6898964710001],[-92.0428011499999,35.685939891],[-92.046581372,35.68095528],[-92.051502618,35.6815084150001],[-92.063225641,35.68062983],[-92.063820678,35.6818902750001],[-92.061319394,35.684126808],[-92.061894127,35.68664656],[-92.063422214,35.687414416],[-92.069863357,35.6892418520001],[-92.071408003,35.6890063230001],[-92.0745378779999,35.6860281990001],[-92.079755378,35.6873360320001],[-92.082471158,35.6908850460001],[-92.096620258,35.6925378010001],[-92.096603949,35.6935433290001],[-92.091321676,35.6962516460001],[-92.09064059,35.700265352],[-92.087539158,35.7014892120001],[-92.080132819,35.7021692810001],[-92.085945786,35.7047370710001],[-92.085933182,35.7054933520001],[-92.080687051,35.705941481],[-92.080978468,35.7069484450001],[-92.089225631,35.7115576310001],[-92.087045062,35.7130422770001],[-92.08853727,35.7160768740001],[-92.087552306,35.7198307680001],[-92.0850864289999,35.7198054940001],[-92.078711448,35.7137075430001],[-92.076249419,35.7134349730001],[-92.072214665,35.715150872],[-92.0706775799999,35.7148813590001],[-92.069477439,35.7128607220001],[-92.065516719,35.7100535000001],[-92.0671269969999,35.7058005320001],[-92.06687665,35.7022770500001],[-92.064448639,35.699988654],[-92.061383667,35.6989557040001],[-92.060171742,35.6976846210001],[-92.0552666249999,35.6961218100001],[-92.051931375,35.692822044],[-92.049787152,35.6920435000001],[-92.046689122,35.693018936],[-92.042845101,35.701767395],[-92.05145664,35.7028687280001],[-92.0563499249999,35.705181345],[-92.059385594,35.707980907],[-92.0635724369999,35.715813263],[-92.067841997,35.7186245030001],[-92.0771127629999,35.717211187],[-92.0825756249999,35.7225452220001],[-92.096730878,35.72420257],[-92.097447535,35.71792808],[-92.099965286,35.714687494],[-92.102766855,35.712956912],[-92.106781385,35.7124923330001],[-92.111637346,35.717318719],[-92.116537404,35.719375079],[-92.1192641439999,35.7224205100001],[-92.1220386419999,35.7224492020001],[-92.1267128279999,35.7192288570001],[-92.126669885,35.721991555],[-92.121612333,35.7299825100001],[-92.1209485259999,35.732991355],[-92.126177361,35.7337987980001],[-92.128858354,35.7398540030001],[-92.1301036309999,35.739115498],[-92.1311334219999,35.7323418120001],[-92.1351839289999,35.729618228],[-92.134996015,35.721825912],[-92.1371847469999,35.719834989],[-92.138159601,35.7165785620001],[-92.144670409,35.714132599],[-92.1471364499999,35.7141545210001],[-92.148281083,35.7199474830001],[-92.1528315099999,35.7247639450001],[-92.152504086,35.7260190750001],[-92.145368343,35.728962831],[-92.144108307,35.7307116320001],[-92.144019943,35.736486945],[-92.144612971,35.7380030470001],[-92.1461586189999,35.7377642340001],[-92.1521199969999,35.7310386190001],[-92.1544293969999,35.7413630780001],[-92.156286923,35.740881094],[-92.1619388129999,35.734151055],[-92.165135371,35.726642886],[-92.1725560949999,35.72521005],[-92.17346901,35.725968917],[-92.170916845,35.731727307],[-92.173996081,35.732007664],[-92.178259451,35.7355666350001],[-92.179808565,35.7350778160001],[-92.1799096679999,35.728293051],[-92.183935216,35.7270780160001],[-92.187393032,35.722585214],[-92.202709806,35.729262954],[-92.210036149,35.734357247],[-92.210025195,35.735111369],[-92.2047947359999,35.73430783],[-92.199855314,35.734764892],[-92.205309633,35.7413499150001],[-92.205291357,35.7426064960001],[-92.1981890769999,35.7432937560001],[-92.196015928,35.7442800220001],[-92.194169663,35.744010759],[-92.190877411,35.7371953800001],[-92.188961016,35.7417003310001],[-92.183032526,35.746419084],[-92.1826939279999,35.7484242240001],[-92.184822691,35.7504549980001],[-92.187587007,35.7512339840001],[-92.2039449229999,35.7503809740001],[-92.214381886,35.753745386],[-92.216242925,35.7530083840001],[-92.215190228,35.7404356490001],[-92.222554085,35.743017008],[-92.228971949,35.747097979],[-92.240380344,35.7472026660001],[-92.246508919,35.7500197570001],[-92.2486744889999,35.7495352980001],[-92.251179601,35.7467985160001],[-92.257367258,35.745341061],[-92.2589544419999,35.7420884430001],[-92.262363006,35.7408636980001],[-92.270646612,35.743953382],[-92.2736957239999,35.7464912940001],[-92.278472939,35.7580913890001],[-92.275049832,35.76032695],[-92.273819696,35.7600614840001],[-92.271715732,35.7560234790001],[-92.269577564,35.7544949140001],[-92.264632997,35.755208404],[-92.263074505,35.7564522440001],[-92.271284266,35.765068199],[-92.274957774,35.7671081840001],[-92.2764183369999,35.7731525410001],[-92.274530154,35.775899199],[-92.2720518679999,35.7766320550001],[-92.265958602,35.7710509460001],[-92.264717606,35.771544111],[-92.264669478,35.7750566880001],[-92.2624620239999,35.7785562650001],[-92.265813865,35.781600924],[-92.268216614,35.78639916],[-92.271651264,35.7834142740001],[-92.274742805,35.782937562],[-92.281794269,35.7862660850001],[-92.283303102,35.788790842],[-92.290375694,35.7906103770001],[-92.292790393,35.794651619],[-92.298273884,35.7999753350001],[-92.298243908,35.802238022],[-92.295134812,35.80397019],[-92.294869684,35.8007006450001],[-92.28933578,35.799146136],[-92.2907840729999,35.806193465],[-92.289838104,35.8076937930001],[-92.288292038,35.8079323850001],[-92.285965026,35.7973565660001],[-92.282852196,35.7993421140001],[-92.285840228,35.806654274],[-92.285199327,35.8084071960001],[-92.2824082239999,35.809390497],[-92.280576964,35.8078655850001],[-92.275601846,35.810588646],[-92.2740621839999,35.810321921],[-92.273519961,35.8047905990001],[-92.271987736,35.80401879],[-92.265788304,35.805975231],[-92.265815943,35.803966475],[-92.268623385,35.801730627],[-92.2680587579999,35.797957669],[-92.2739369619999,35.796748882],[-92.266875979,35.794174174],[-92.265045319,35.792653538],[-92.2634955619999,35.7931431700001],[-92.2625458809999,35.794890126],[-92.263069279,35.801680221],[-92.2565825889999,35.8021294550001],[-92.2565618,35.8036355240001],[-92.258080305,35.8054064090001],[-92.266977766,35.8092578270001],[-92.273403724,35.8133318430001],[-92.281333122,35.8204354470001],[-92.288988874,35.8250276730001],[-92.2961085479999,35.8235784870001],[-92.3041337929999,35.823647635],[-92.319547648,35.825283207],[-92.3281904409999,35.825357862],[-92.336530234,35.827309127],[-92.335502702,35.83295372],[-92.336743814,35.832462063],[-92.3389719629999,35.827202927],[-92.347290371,35.828525185],[-92.3474850859999,35.837577482],[-92.3440444889999,35.8410654050001],[-92.344028689,35.842324784],[-92.349245997,35.8448772420001],[-92.351101442,35.844641116],[-92.352358526,35.842889831],[-92.354311648,35.834864146],[-92.359912331,35.831394233],[-92.359927971,35.83013773],[-92.365166431,35.830933526],[-92.362640614,35.8354352160001],[-92.361945342,35.841711553],[-92.355717165,35.845934051],[-92.35628103,35.8502124620001],[-92.3519080839999,35.8541985270001],[-92.3525002489999,35.8562140270001],[-92.360766621,35.8620584060001],[-92.361888934,35.8711137770001],[-92.363099634,35.873131496],[-92.36895564,35.874183783],[-92.36735608,35.8786950470001],[-92.365172028,35.8804344910001],[-92.360532306,35.8809018950001],[-92.3571746389999,35.8776107940001]],[[-92.305165421,35.8389840470001],[-92.2981192829999,35.8349051210001],[-92.292015206,35.829574316],[-92.288317852,35.8290411200001],[-92.284650483,35.826245091],[-92.280319618,35.8269619550001],[-92.28856909,35.8333164420001],[-92.302381219,35.8394630060001],[-92.305165421,35.8389840470001]],[[-92.1957463639999,35.783726657],[-92.205001376,35.783815631],[-92.20563287,35.782813005],[-92.204417232,35.7815500950001],[-92.2019640619999,35.780521574],[-92.198313605,35.7769685970001],[-92.196132774,35.7784554610001],[-92.197641319,35.7807297730001],[-92.1954529449999,35.7827198580001],[-92.1957463639999,35.783726657]],[[-92.0133023239999,35.7532127200001],[-92.0133581649999,35.7499472440001],[-92.009102169,35.7463774290001],[-92.009136457,35.744368552],[-92.01287458,35.7421478540001],[-92.012588552,35.7408889980001],[-92.007707247,35.7378179510001],[-92.0041411449999,35.729989618],[-92.002621827,35.728718164],[-92.00041638,35.731458074],[-92.000038868,35.735471497],[-91.998158529,35.7372123820001],[-91.9956830519999,35.737687705],[-91.9952664749999,35.743961402],[-92.004138317,35.7480826450001],[-92.012060714,35.75370121],[-92.0133023239999,35.7532127200001]],[[-91.9712567189999,35.7414301850001],[-91.9728425869999,35.738933552],[-91.977475919,35.7384866420001],[-91.9778199089999,35.736477903],[-91.9674627649999,35.729322837],[-91.942883465,35.7074294880001],[-91.9307166899999,35.6984941690001],[-91.918198831,35.6920623390001],[-91.9160050959999,35.694046418],[-91.9159545529999,35.6968093030001],[-91.917747821,35.699846044],[-91.953287301,35.728910785],[-91.960667381,35.7300012520001],[-91.962490176,35.731529428],[-91.961753059,35.7383054920001],[-91.9676019139999,35.738873127],[-91.9712567189999,35.7414301850001]],[[-92.009649426,35.7144733530001],[-92.014528694,35.717544639],[-92.014785452,35.720560978],[-92.0193962399999,35.721364968],[-92.021194472,35.7244002470001],[-92.0217382289999,35.72867989],[-92.0235708559999,35.7297016590001],[-92.02575847,35.727968934],[-92.0257927339999,35.7259602720001],[-92.023985436,35.723427955],[-92.0237033179999,35.7219155130001],[-92.024960934,35.720419415],[-92.02351436,35.714877292],[-92.028179429,35.712416691],[-92.028221838,35.7099009390001],[-92.026094569,35.708118643],[-92.0132500299999,35.7022003640001],[-92.012980493,35.6999336900001],[-92.016558268,35.6889194730001],[-92.01695217,35.6838983820001],[-92.0134183919999,35.6743089230001],[-92.020391611,35.6628270690001],[-92.0207422239999,35.6603177270001],[-92.019835587,35.6593040920001],[-91.9991536859999,35.661839038],[-91.9972798049999,35.663326623],[-91.996502999,35.6726138510001],[-92.002485721,35.682980952],[-92.0026682989999,35.6902728740001],[-92.0041481539999,35.693804679],[-92.001874629,35.700563995],[-92.0103559459999,35.7092031810001],[-92.009649426,35.7144733530001]],[[-92.032557259,35.7270399870001],[-92.031847593,35.732557419],[-92.029951392,35.7353000690001],[-92.0299045739999,35.7380628440001],[-92.02802057,35.740056001],[-92.0282992749999,35.7418197800001],[-92.0402942159999,35.7437063140001],[-92.047656199,35.7460458640001],[-92.049822928,35.745564797],[-92.048948251,35.7425452090001],[-92.0522648899999,35.7285063840001],[-92.051352514,35.727742075],[-92.0491777829999,35.7287254760001],[-92.04379485,35.737209068],[-92.0378953379999,35.73965751],[-92.0338957119999,35.739111413],[-92.034858702,35.7368640540001],[-92.034305177,35.7330871300001],[-92.0364845399999,35.731854863],[-92.0374678909999,35.728345597],[-92.040309635,35.7243586820001],[-92.040022349,35.7230975510001],[-92.032557259,35.7270399870001]],[[-91.988837086,35.7235381950001],[-91.986429039,35.72024493],[-91.986780806,35.7177333010001],[-91.99178198,35.7137707890001],[-91.990580133,35.7119986070001],[-91.98376067,35.714182163],[-91.979450087,35.713884105],[-91.979375252,35.7181526300001],[-91.9808630489999,35.7211843060001],[-91.986059158,35.7237602010001],[-91.988837086,35.7235381950001]],[[-92.243663629,35.7550200630001],[-92.243922342,35.758538608],[-92.24763032,35.758069897],[-92.248881361,35.756827254],[-92.2486076869999,35.754314165],[-92.247080066,35.753295145],[-92.244917737,35.7535259100001],[-92.243663629,35.7550200630001]],[[-92.040020453,35.7600378450001],[-92.028601673,35.7604154250001],[-92.027038738,35.7616560340001],[-92.027878675,35.766689668],[-92.031837563,35.769747362],[-92.0471457739999,35.776700347],[-92.058451648,35.783353305],[-92.0606148049999,35.783126128],[-92.062186264,35.7813819670001],[-92.061911379,35.779369305],[-92.04462965,35.7610944790001],[-92.040020453,35.7600378450001]],[[-92.06885783,35.788491247],[-92.06790784,35.7899894770001],[-92.0727660219999,35.7948134970001],[-92.074313189,35.794580211],[-92.0824000489999,35.7906428680001],[-92.084344012,35.7848852110001],[-92.083739508,35.784124836],[-92.06885783,35.788491247]],[[-91.982388575,35.810160372],[-91.9821547609999,35.8234797640001],[-91.992921253,35.825609479],[-91.989588634,35.822054608],[-91.984848251,35.810690595],[-91.9833271159999,35.8094187880001],[-91.982388575,35.810160372]]]},"properties":{"OBJECTID":101686,"MapUnit":"PNse","IdentityConfidence":"certain","Label":null,"Symbol":"604","DataSourceID":"1032","Notes":null,"MapUnitPolys_ID":"8_101686","MapSourceID":"map49","Source_MapUnit":"49|PNhc","Name":"Sedimentary rocks","Age":"Early Pennsylvanian","color_rgba":[128,179,255,255],"fill":"#80b3ff","fillOpacity":1.0}},{"type":"Feature","id":101245,"geometry":{"type":"Polygon","coordinates":[[[-91.71362852,35.547855467],[-91.69921744,35.5462913640001],[-91.69729184,35.5428143010001],[-91.6927038219999,35.5395241860001],[-91.6785489819999,35.5334713450001],[-91.656924838,35.522031876],[-91.62391647,35.508889557],[-91.6124261419999,35.502784868],[-91.602717309,35.4964613120001],[-91.597537119,35.4912994480001],[-91.624899597,35.491747565],[-91.637347619,35.4903620630001],[-91.644681943,35.4887869400001],[-91.665318713,35.4925269140001],[-91.698398407,35.5012595360001],[-91.708418627,35.502191581],[-91.758819608,35.498332034],[-91.814174146,35.497465817],[-91.821342564,35.4988550750001],[-91.859779916,35.5101442170001],[-91.884804674,35.514708559],[-91.930777759,35.5275133740001],[-91.938356802,35.5279158430001],[-91.935388817,35.531646424],[-91.924918041,35.535733776],[-91.90363861,35.53916252],[-91.858226286,35.5376757560001],[-91.838535378,35.5378363300001],[-91.822423696,35.5393503500001],[-91.8029896799999,35.5433941530001],[-91.787312996,35.5476633220001],[-91.780902725,35.548475866],[-91.77002177,35.5491282950001],[-91.71362852,35.547855467]]]},"properties":{"OBJECTID":101245,"MapUnit":"PNse","IdentityConfidence":"certain","Label":null,"Symbol":"604","DataSourceID":"1032","Notes":null,"MapUnitPolys_ID":"8_101245","MapSourceID":"map49","Source_MapUnit":"49|PNbh","Name":"Sedimentary rocks","Age":"Early Pennsylvanian","color_rgba":[128,179,255,255],"fill":"#80b3ff","fillOpacity":1.0}},{"type":"Feature","id":100859,"geometry":{"type":"Polygon","coordinates":[[[-92.355379801,35.471650331],[-92.355786311,35.4680673450001],[-92.35960119,35.4621292890001],[-92.3653229889999,35.4556820510001],[-92.3746789419999,35.4519954510001],[-92.380951566,35.4487814390001],[-92.382957238,35.4461935030001],[-92.383853383,35.4406153570001],[-92.393007289,35.436164192],[-92.408753772,35.4266142110001],[-92.430061021,35.4238538130001],[-92.4372115739999,35.4218934680001],[-92.4592906679999,35.420191952],[-92.472601094,35.4198332870001],[-92.444466709,35.4344355750001],[-92.427007106,35.445452258],[-92.40928475,35.4619462570001],[-92.401494769,35.467386359],[-92.370924255,35.4715609520001],[-92.3625692539999,35.4739534240001],[-92.356764049,35.4771808850001],[-92.355379801,35.471650331]]]},"properties":{"OBJECTID":100859,"MapUnit":"PNsm","IdentityConfidence":"certain","Label":null,"Symbol":"503","DataSourceID":"1032","Notes":null,"MapUnitPolys_ID":"8_100859","MapSourceID":"map49","Source_MapUnit":"49|PNa-OZ","Name":"Sedimentary rocks","Age":"Middle Pennsylvanian","color_rgba":[153,204,255,255],"fill":"#99ccff","fillOpacity":1.0}},{"type":"Feature","id":101340,"geometry":{"type":"Polygon","coordinates":[[[-91.9712567189999,35.7414301850001],[-91.9676019139999,35.738873127],[-91.961753059,35.7383054920001],[-91.962490176,35.731529428],[-91.960667381,35.7300012520001],[-91.953287301,35.728910785],[-91.917747821,35.699846044],[-91.9159545529999,35.6968093030001],[-91.9160050959999,35.694046418],[-91.918198831,35.6920623390001],[-91.9307166899999,35.6984941690001],[-91.942883465,35.7074294880001],[-91.9674627649999,35.729322837],[-91.9778199089999,35.736477903],[-91.977475919,35.7384866420001],[-91.9728425869999,35.738933552],[-91.9712567189999,35.7414301850001]]]},"properties":{"OBJECTID":101340,"MapUnit":"PNse","IdentityConfidence":"certain","Label":null,"Symbol":"604","DataSourceID":"1032","Notes":null,"MapUnitPolys_ID":"8_101340","MapSourceID":"map49","Source_MapUnit":"49|PNbh","Name":"Sedimentary rocks","Age":"Early Pennsylvanian","color_rgba":[128,179,255,255],"fill":"#80b3ff","fillOpacity":1.0}},{"type":"Feature","id":101088,"geometry":{"type":"Polygon","coordinates":[[[-92.235936169,35.7343450970001],[-92.230716432,35.7327908500001],[-92.2273503919999,35.7310023380001],[-92.213042281,35.718305495],[-92.210286191,35.717022098],[-92.205362506,35.716473734],[-92.20203372,35.712170508],[-92.198981139,35.710131226],[-92.193441208,35.7095794040001],[-92.1959398879999,35.7073399610001],[-92.197557756,35.7020771100001],[-92.1997587,35.699081952],[-92.211537283,35.694419161],[-92.213566683,35.6818718110001],[-92.2173932759999,35.6728637530001],[-92.217458012,35.6683411130001],[-92.21479795,35.6605287830001],[-92.215540136,35.6517397120001],[-92.214768238,35.6411781790001],[-92.217503039,35.643720011],[-92.2183692249999,35.6477485940001],[-92.220803991,35.6497799040001],[-92.222365085,35.6482876090001],[-92.219698504,35.6409740060001],[-92.226786771,35.6405391930001],[-92.232930659,35.6415993370001],[-92.234456028,35.642618456],[-92.229171631,35.6460897520001],[-92.22848465,35.65110739],[-92.2232067589999,35.654071334],[-92.2255844169999,35.6601224390001],[-92.235563579,35.673285009],[-92.236442059,35.676557073],[-92.234898163,35.6767949320001],[-92.226397773,35.6679195180001],[-92.224556847,35.667403909],[-92.223614996,35.6686498810001],[-92.224377594,35.6799661790001],[-92.222182345,35.6827061290001],[-92.221497358,35.687475175],[-92.219921439,35.6899753110001],[-92.219178733,35.6987620290001],[-92.2176097939999,35.700759432],[-92.2095686709999,35.7026929130001],[-92.208905304,35.7059558730001],[-92.218009787,35.7158390640001],[-92.225381875,35.7176663120001],[-92.230543407,35.7232386060001],[-92.237579876,35.727072605],[-92.250166045,35.7309553430001],[-92.249843972,35.731959239],[-92.24086504,35.734643002],[-92.235936169,35.7343450970001]]]},"properties":{"OBJECTID":101088,"MapUnit":"PNse","IdentityConfidence":"certain","Label":null,"Symbol":"604","DataSourceID":"1032","Notes":null,"MapUnitPolys_ID":"8_101088","MapSourceID":"map49","Source_MapUnit":"49|PNhc","Name":"Sedimentary rocks","Age":"Early Pennsylvanian","color_rgba":[128,179,255,255],"fill":"#80b3ff","fillOpacity":1.0}},{"type":"Feature","id":102058,"geometry":{"type":"Polygon","coordinates":[[[-93.352993183,36.069840502],[-93.343390326,36.067839044],[-93.341532506,36.068341049],[-93.341533295,36.069344318],[-93.3396752259999,36.069350592],[-93.338744989,36.068596014],[-93.335333024,36.0610574230001],[-93.342149359,36.065324321],[-93.350822589,36.0673288020001],[-93.356393829,36.0638040740001],[-93.356392166,36.062297485],[-93.346474443,36.053510519],[-93.346471766,36.050492836],[-93.34894737,36.049233035],[-93.3542105079999,36.048725566],[-93.360405072,36.050228922],[-93.3619474879999,36.045451202],[-93.3644269599999,36.0477094010001],[-93.3687625319999,36.0482079180001],[-93.37557422,36.0482025490001],[-93.3768108579999,36.046693422],[-93.37277797,36.0401647730001],[-93.3733953879999,36.038901626],[-93.3795841419999,36.036885553],[-93.379891685,36.0356288290001],[-93.3690398749999,36.0215707310001],[-93.369036519,36.018807316],[-93.386375038,36.0233067090001],[-93.38574162,36.0132566120001],[-93.39501775,36.0079636130001],[-93.395947542,36.008716985],[-93.396887054,36.0160036940001],[-93.4015448659999,36.0253006300001],[-93.407424895,36.0247869180001],[-93.412690009,36.026539923],[-93.417016995,36.0230130670001],[-93.4173234519999,36.0215026320001],[-93.411122231,36.01523339],[-93.413585069,36.007939293],[-93.411104863,36.005433042],[-93.410790965,36.0029157720001],[-93.413260126,35.999649715],[-93.409841918,35.991107152],[-93.4095250889999,35.9868366380001],[-93.410450536,35.9853265140001],[-93.4132333749999,35.984566354],[-93.417256654,35.9853163400001],[-93.422837939,35.9920939030001],[-93.435209255,35.9900609810001],[-93.435516918,35.9893070690001],[-93.431177653,35.9852927810001],[-93.431174534,35.983786637],[-93.436722893,35.974476586],[-93.423734445,35.9757543850001],[-93.423420284,35.9732439800001],[-93.4385370099999,35.954873412],[-93.450576994,35.946056055],[-93.452113427,35.9420317940001],[-93.460145204,35.9397546180001],[-93.4542664419999,35.937253674],[-93.4530228849999,35.9342420340001],[-93.4403634449999,35.9415502750001],[-93.4159718449999,35.959686354],[-93.412570081,35.9596891900001],[-93.410710482,35.9574303140001],[-93.4106987069999,35.950643821],[-93.421505332,35.94233533],[-93.424279432,35.9380613700001],[-93.43012021,35.921713997],[-93.4270195839999,35.9166954790001],[-93.427620814,35.9083983],[-93.425451531,35.9051362810001],[-93.425443975,35.90136683],[-93.4313001089999,35.894321242],[-93.428822999,35.8913098790001],[-93.430031475,35.877989615],[-93.42538718,35.8724689250001],[-93.424757616,35.8664359630001],[-93.4232084069999,35.8639266930001],[-93.416407067,35.860421613],[-93.4148483389999,35.8523828880001],[-93.416073255,35.8468529100001],[-93.410205214,35.8461073620001],[-93.409299631,35.858168413],[-93.416107391,35.865447773],[-93.4198254619999,35.871726643],[-93.420139294,35.8742368430001],[-93.418600611,35.8772524520001],[-93.416748768,35.8782629],[-93.412424465,35.8785206430001],[-93.406860576,35.876264565],[-93.40562959,35.8790309930001],[-93.412739221,35.8815338050001],[-93.423244439,35.8825242790001],[-93.424483537,35.8842811430001],[-93.419252982,35.895594944],[-93.416801516,35.906657909],[-93.412791407,35.910685631],[-93.4124854029999,35.912445346],[-93.41589609,35.918470562],[-93.4162123849999,35.9224896280001],[-93.412210984,35.93179768],[-93.4075804939999,35.935570693],[-93.400472619,35.937337783],[-93.396460861,35.9418677780001],[-93.392133654,35.94262766],[-93.383159381,35.9371102600001],[-93.3819184769999,35.934100083],[-93.381594489,35.923293991],[-93.37324599,35.921038852],[-93.371396665,35.9253151880001],[-93.372647366,35.936620981],[-93.36956243,35.942150602],[-93.368643893,35.949692805],[-93.372352445,35.948180779],[-93.375135523,35.9481782500001],[-93.3807073579999,35.952696889],[-93.389675717,35.953187665],[-93.394628656,35.956701202],[-93.39586982,35.9592106470001],[-93.39618465,35.9629806470001],[-93.394024869,35.9662467260001],[-93.3825798409999,35.965009702],[-93.368354767,35.966279485],[-93.3661935,35.969549553],[-93.3655786859999,35.9728151780001],[-93.366507832,35.9738226150001],[-93.373930527,35.973310859],[-93.382594635,35.9758156770001],[-93.389405766,35.979826057],[-93.389412142,35.9840962850001],[-93.383544281,35.991142655],[-93.374575454,35.993664424],[-93.3717900619999,35.993166284],[-93.364357618,35.986895175],[-93.356317062,35.9896661400001],[-93.348267989,35.984142793],[-93.341766346,35.977869581],[-93.339909958,35.9776147360001],[-93.330943826,35.9839071800001],[-93.330635894,35.986169583],[-93.3362053009999,35.98691654],[-93.339920074,35.9904347940001],[-93.346736554,36.0014843000001],[-93.346740475,36.0055052390001],[-93.34488504,36.007017752],[-93.338387497,36.0080276890001],[-93.332816356,36.0067780910001],[-93.332508573,36.009287612],[-93.334367986,36.012804836],[-93.339942618,36.01782862],[-93.3411824789999,36.0203389750001],[-93.3402580329999,36.024865741],[-93.33809174,36.0256184250001],[-93.336853232,36.0251177280001],[-93.3300403969999,36.020349659],[-93.3188922579999,36.008796585],[-93.314249251,36.007038188],[-93.309298223,36.007041493],[-93.3074422609999,36.009303049],[-93.307446635,36.0206143460001],[-93.304353411,36.026647853],[-93.304354952,36.0309180360001],[-93.306833587,36.0369498380001],[-93.307145003,36.0419773260001],[-93.305908196,36.046752638],[-93.304360887,36.048262703],[-93.3028127009999,36.048510831],[-93.3006446909999,36.0467548840001],[-93.291665498,36.0439936980001],[-93.2904268079999,36.042735798],[-93.287949063,36.032433489],[-93.2854717499999,36.028667055],[-93.28175749,36.031936552],[-93.279591078,36.031181594],[-93.2826861519999,36.0264041730001],[-93.284852918,36.0253965580001],[-93.287948156,36.0279094210001],[-93.290425243,36.031931661],[-93.2947610589999,36.0424827580001],[-93.303430647,36.0449938190001],[-93.305906384,36.041222546],[-93.30528579,36.037202285],[-93.301878409,36.0306725500001],[-93.301877546,36.0274035410001],[-93.303423677,36.022880388],[-93.304039812,36.0140803900001],[-93.307441081,36.0057870480001],[-93.303727027,36.0037764750001],[-93.292586362,36.000263375],[-93.29227857,36.008053165],[-93.289803039,36.010068489],[-93.289184679,36.0145911860001],[-93.287946916,36.015095826],[-93.283304469,36.007808466],[-93.280519462,36.006048478],[-93.279281542,36.0058008780001],[-93.275567837,36.008562641],[-93.273711169,36.008814166],[-93.268450674,36.0063047850001],[-93.264428638,36.002282698],[-93.2554545519999,36.0035421050001],[-93.2548357809999,36.0047978540001],[-93.25947518,36.012084101],[-93.258855664,36.0130906320001],[-93.253285268,36.013089871],[-93.251428158,36.01409769],[-93.249567317,36.0233947830001],[-93.247709153,36.025655323],[-93.245232737,36.0261584420001],[-93.239351735,36.0261606440001],[-93.23780456,36.0249011380001],[-93.239353718,36.022137206],[-93.239355615,36.019124434],[-93.23409763,36.0138470200001],[-93.23719292,36.012586965],[-93.2427598099999,36.0198764360001],[-93.243066971,36.024399085],[-93.243995873,36.0244016570001],[-93.246473495,36.0201310780001],[-93.2486430609999,36.012590722],[-93.2535956789999,36.0100730940001],[-93.253905791,36.0085674200001],[-93.251431768,36.0040436310001],[-93.2514332539999,36.0005278240001],[-93.253599263,35.999769875],[-93.2600967449999,36.0012817690001],[-93.265976188,36.00077552],[-93.273401857,36.005297435],[-93.277115297,36.0037885310001],[-93.2811380649999,36.0035352900001],[-93.28670827,36.0078050220001],[-93.288564997,36.00730378],[-93.289183211,36.0007676500001],[-93.290420373,35.999007743],[-93.2950615889999,35.998506193],[-93.3086771769999,36.002264026],[-93.3077472799999,35.9974939190001],[-93.3092926319999,35.992715027],[-93.304650264,35.9889511160001],[-93.2938218309999,35.9874480450001],[-93.287325278,35.989712329],[-93.278044192,35.9904699360001],[-93.274640973,35.9884591220001],[-93.2746410029999,35.985944525],[-93.277734817,35.9819218650001],[-93.272476313,35.978655888],[-93.270620118,35.978406686],[-93.2545331869999,35.983941363],[-93.245561536,35.9844432780001],[-93.2350458669999,35.9809213030001],[-93.233190986,35.9789112230001],[-93.23319291,35.976145489],[-93.238145214,35.9706199340001],[-93.245570044,35.966596327],[-93.249281721,35.9660942470001],[-93.265982342,35.969109314],[-93.2712401159999,35.968105096],[-93.277734894,35.9748852930001],[-93.283921354,35.974634832],[-93.300312654,35.965077831],[-93.303094889,35.961810368],[-93.306496674,35.961056494],[-93.3105182909999,35.9640666270001],[-93.310828395,35.9668333120001],[-93.308356041,35.9713544030001],[-93.3080481979999,35.9743707320001],[-93.3142347739999,35.9756256310001],[-93.318563926,35.9728593350001],[-93.3231994609999,35.966321572],[-93.3352595379999,35.963549297],[-93.3445383819999,35.9647938100001],[-93.3414395139999,35.957262906],[-93.3367984609999,35.9539967740001],[-93.3231929739999,35.9550127480001],[-93.319790202,35.9525004600001],[-93.316385875,35.9464743950001],[-93.317001478,35.9416982910001],[-93.318547272,35.9406886190001],[-93.321948165,35.940688643],[-93.325659348,35.942444826],[-93.3281327669999,35.9426920270001],[-93.340494926,35.9363991640001],[-93.340494338,35.9356496350001],[-93.328744891,35.933396207],[-93.32688928,35.932142146],[-93.3265794069999,35.9306352460001],[-93.327814525,35.9283699110001],[-93.342024329,35.9170518020001],[-93.34758213,35.910764192],[-93.352834173,35.9089995950001],[-93.358082453,35.9042196070001],[-93.357463934,35.903468794],[-93.3481944759999,35.904481339],[-93.345102432,35.902722526],[-93.3435539719999,35.8987030550001],[-93.343238322,35.8906634000001],[-93.3447779749999,35.8853835520001],[-93.3515680359999,35.8783415400001],[-93.345386606,35.874828597],[-93.343534683,35.8760870340001],[-93.338293769,35.889410749],[-93.333363445,35.907757088],[-93.328731512,35.9130399920001],[-93.324714485,35.9140470290001],[-93.32193239,35.912793343],[-93.319148211,35.9080215650001],[-93.316670868,35.8979699870001],[-93.3117235459999,35.8906859850001],[-93.311106605,35.892949969],[-93.312963043,35.898474311],[-93.313274462,35.903503899],[-93.312039781,35.9065164410001],[-93.309877025,35.908276577],[-93.304314719,35.9087835230001],[-93.299678168,35.906018854],[-93.291950652,35.8954726000001],[-93.2904050349999,35.891201315],[-93.2851526159999,35.884667129],[-93.287314054,35.8761233290001],[-93.287313374,35.8708432240001],[-93.285151301,35.868584329],[-93.280209138,35.882658006],[-93.2802092759999,35.8876846270001],[-93.285152705,35.8919526440001],[-93.2882430669999,35.8972288090001],[-93.293498598,35.9110499670001],[-93.304936186,35.919089743],[-93.308955753,35.9231056310001],[-93.3086485169999,35.9273752060001],[-93.30370404,35.932907861],[-93.299069881,35.943463394],[-93.293504732,35.943718356],[-93.2885567339999,35.9396996940001],[-93.282682761,35.9329149870001],[-93.2740263169999,35.9354315470001],[-93.2678436529999,35.93392844],[-93.267842811,35.9394555470001],[-93.2696967909999,35.947244144],[-93.268768687,35.9497584480001],[-93.267222295,35.951267887],[-93.263511453,35.952522711],[-93.257635915,35.9530288170001],[-93.255162603,35.952023416],[-93.2492899109999,35.9462449500001],[-93.246818046,35.941968149],[-93.245584645,35.934683939],[-93.238479876,35.9253836830001],[-93.236628098,35.919855619],[-93.236322426,35.9143277320001],[-93.238799226,35.906788487],[-93.240969093,35.8939728780001],[-93.240352054,35.892718503],[-93.2332480269999,35.888945596],[-93.23293755,35.8912074940001],[-93.235405435,35.8972375490001],[-93.2341665929999,35.902265463],[-93.2313833159999,35.9052773380001],[-93.231070636,35.9105568260001],[-93.228597015,35.9125659860001],[-93.223651466,35.9133220480001],[-93.219325671,35.912561972],[-93.2190157209999,35.913571167],[-93.225807759,35.9236218940001],[-93.228276665,35.9291518160001],[-93.229817624,35.935687269],[-93.22857688,35.941464845],[-93.2264115579999,35.9432256750001],[-93.2227012829999,35.943226349],[-93.218992833,35.941212996],[-93.206330485,35.927386084],[-93.2044762949999,35.9268866],[-93.197670445,35.9314030950001],[-93.193033502,35.9314021600001],[-93.19087172,35.929891141],[-93.188095346,35.9251160110001],[-93.187175052,35.919588419],[-93.186541031,35.932153993],[-93.202611205,35.936936782],[-93.206009588,35.9391989220001],[-93.210329739,35.9477456000001],[-93.2137287369999,35.950508185],[-93.225783329,35.9565443020001],[-93.2260912679999,35.9580512520001],[-93.219284832,35.9623204210001],[-93.2149546429999,35.963073416],[-93.2066078239999,35.9593059700001],[-93.180020855,35.9530059790001],[-93.176619761,35.9530038890001],[-93.174450608,35.95601873],[-93.174137904,35.9585318470001],[-93.179086523,35.958032104],[-93.1824832199999,35.961801488],[-93.183404694,35.966579949],[-93.190208505,35.9668328440001],[-93.194533816,35.97086082],[-93.194839587,35.9736210450001],[-93.1935997319999,35.9761363170001],[-93.1864808989999,35.979652296],[-93.1855443269999,35.986434172],[-93.183060762,35.992715134],[-93.178418896,35.9937172080001],[-93.176260672,35.9881891790001],[-93.1734816429999,35.984670802],[-93.167919346,35.980642334],[-93.161426754,35.9783751740001],[-93.154621931,35.9781205240001],[-93.1459543719999,35.9816307770001],[-93.141003857,35.9821295],[-93.124317607,35.973316508],[-93.1212251159999,35.973062423],[-93.105442211,35.976562689],[-93.1014318699999,35.9720318180001],[-93.0924729879999,35.9677482000001],[-93.089696594,35.9649797970001],[-93.089393311,35.9627158120001],[-93.090940727,35.9622166180001],[-93.1119649299999,35.9647558390001],[-93.115369776,35.96350489],[-93.12804966,35.963518966],[-93.136094717,35.961518912],[-93.1382577209999,35.962274382],[-93.141653656,35.9655443670001],[-93.142891157,35.965290576],[-93.145384241,35.9549896840001],[-93.155600663,35.947962126],[-93.1559143059999,35.945199598],[-93.1447996859999,35.9363955860001],[-93.143563824,35.9361397100001],[-93.1383014909999,35.9396546350001],[-93.135827262,35.9401553020001],[-93.134592396,35.939149467],[-93.134924156,35.927590545],[-93.1374000229999,35.926086361],[-93.150383755,35.9255916230001],[-93.158422421,35.9243466250001],[-93.17357972,35.916564581],[-93.176365377,35.91380086],[-93.1769872899999,35.9107856460001],[-93.1760625859999,35.9092807540001],[-93.165864291,35.9092692180001],[-93.164322995,35.9067562650001],[-93.1643301719999,35.902237336],[-93.1664982469999,35.898968761],[-93.174535142,35.8967123190001],[-93.178248264,35.892946092],[-93.177322595,35.892190983],[-93.166817671,35.892183038],[-93.164966136,35.89067486],[-93.164354175,35.8869056200001],[-93.160649377,35.885393306],[-93.159731192,35.8801191110001],[-93.1615868059999,35.8786097820001],[-93.1696224459999,35.8758529770001],[-93.16932572,35.8678109140001],[-93.168400337,35.867057576],[-93.163144561,35.8703197770001],[-93.1597466539999,35.8705663320001],[-93.155431535,35.8650377230001],[-93.155131986,35.85950733],[-93.154205798,35.8592548290001],[-93.145241549,35.8637716320001],[-93.1449296649999,35.8655305890001],[-93.148630259,35.8687989900001],[-93.1510902539999,35.8748335120001],[-93.149536446,35.8801058070001],[-93.1507657499999,35.8838798410001],[-93.1495212519999,35.8889018260001],[-93.151056559,35.89418291],[-93.1488860589999,35.898450159],[-93.148872137,35.9062422430001],[-93.1454701059999,35.907748235],[-93.14330875,35.9069906820001],[-93.140841138,35.9044785900001],[-93.134376902,35.891653782],[-93.133463239,35.885119618],[-93.132537693,35.8843641230001],[-93.1294348979999,35.8908947310001],[-93.127888782,35.8913941060001],[-93.124810274,35.886364971],[-93.123268404,35.884857261],[-93.121723763,35.884853676],[-93.118921832,35.8946515310001],[-93.118914162,35.8981719340001],[-93.1266265689999,35.904211134],[-93.1263160399999,35.9049641730001],[-93.115187293,35.906709188],[-93.113639468,35.9079650050001],[-93.113009722,35.9129891090001],[-93.106818377,35.917507173],[-93.104643362,35.92227848],[-93.100624457,35.9225230600001],[-93.097220077,35.924278691],[-93.091021911,35.930553608],[-93.088548238,35.9307995090001],[-93.087008667,35.9285365800001],[-93.087964604,35.9174791180001],[-93.0898348649999,35.9114519250001],[-93.0920037179999,35.9091908820001],[-93.0988076849999,35.9071931070001],[-93.099742132,35.9041794140001],[-93.09882778,35.8988998680001],[-93.09667533,35.8946234050001],[-93.097625538,35.885328213],[-93.0994842429999,35.8833195660001],[-93.111851015,35.8790619820001],[-93.118660268,35.8730399730001],[-93.118662531,35.872036474],[-93.1140317859999,35.870775037],[-93.112484907,35.8720285430001],[-93.106921761,35.873526832],[-93.100442196,35.870506515],[-93.098588781,35.870501366],[-93.089311977,35.8745118590001],[-93.083431783,35.878775841],[-93.0781637159999,35.8847999400001],[-93.0756936229999,35.884288869],[-93.076023624,35.8767515100001],[-93.074800191,35.8722271340001],[-93.071413886,35.8682010370001],[-93.071419776,35.866191879],[-93.078528825,35.864192087],[-93.0806958219999,35.862436513],[-93.08256951,35.8546473540001],[-93.08504813,35.8516357980001],[-93.0893749749999,35.8501381230001],[-93.1057476139999,35.847392703],[-93.109765793,35.8456393380001],[-93.110385735,35.8443848920001],[-93.09896479,35.8431117040001],[-93.0924861249999,35.8410944930001],[-93.0909498729999,35.8380732100001],[-93.091886997,35.833807312],[-93.086330461,35.8335443330001],[-93.08294674,35.829017815],[-93.08328213,35.8189669390001],[-93.0823573499999,35.81846448],[-93.078018549,35.824988209],[-93.0764625209999,35.8295097710001],[-93.0764404939999,35.837553115],[-93.0792120629999,35.840070295],[-93.078588645,35.8423283770001],[-93.068691071,35.8483459730001],[-93.0652796269999,35.8533646650001],[-93.056932982,35.856366129],[-93.053823197,35.8633996410001],[-93.0504130689999,35.86741483],[-93.05009929,35.8691704670001],[-93.0550326109999,35.8719453900001],[-93.055028753,35.8732021880001],[-93.050373411,35.880226631],[-93.0500395989999,35.888268925],[-93.048490741,35.889524071],[-93.043544181,35.890521332],[-93.0432299409999,35.8922797050001],[-93.055238179,35.905870927],[-93.056768484,35.910648408],[-93.053978816,35.9134066720001],[-93.0505762399999,35.9144065300001],[-93.048416787,35.9131419500001],[-93.042265107,35.904087071],[-93.041031005,35.9033294000001],[-93.03916947,35.9055862980001],[-93.035099802,35.921416455],[-93.03477054,35.927444995],[-93.0369262199999,35.9299625840001],[-93.037820515,35.9400136040001],[-93.032554558,35.943020645],[-93.027912537,35.9442678660001],[-93.026986504,35.9437651760001],[-93.02300946,35.931692556],[-93.016248994,35.920369797],[-93.016884675,35.915348991],[-93.02464051,35.907069],[-93.027133852,35.9007898830001],[-93.027463806,35.8947587870001],[-93.0256289659999,35.8892296810001],[-93.025647093,35.8839493890001],[-93.026578165,35.8826964830001],[-93.032451066,35.881701972],[-93.034927329,35.8801996810001],[-93.034638843,35.874166373],[-93.0361953519999,35.870402036],[-93.032506305,35.8653673810001],[-93.02847781,35.869129496],[-93.02476899,35.8698779260001],[-93.0173791719999,35.863330585],[-93.02109876,35.859567428],[-93.022039121,35.855546492],[-93.0263836509999,35.849271882],[-93.025459669,35.848769056],[-93.0161925519999,35.849753913],[-93.0152608989999,35.851260353],[-93.016168017,35.856539969],[-93.012146249,35.858541969],[-93.012753742,35.861308056],[-93.011511119,35.86331611],[-93.013358474,35.864829265],[-93.010258467,35.8680880970001],[-93.004684724,35.8718461060001],[-93.000977319,35.8720885980001],[-92.997883427,35.8733374820001],[-92.995708832,35.8766001400001],[-92.993852313,35.877349849],[-92.989557115,35.8698010300001],[-92.983408229,35.862752475],[-92.9834413249999,35.8544595440001],[-92.982520073,35.853199965],[-92.974477716,35.856446007],[-92.9732349399999,35.858204202],[-92.972891556,35.8664956200001],[-92.977810716,35.872036672],[-92.978111398,35.87404488],[-92.968511318,35.8798045020001],[-92.9685049619999,35.881310635],[-92.971576133,35.8855899380001],[-92.968468904,35.889852906],[-92.965346186,35.897638493],[-92.9610179759999,35.8981278890001],[-92.957622242,35.8973670460001],[-92.951742549,35.899361162],[-92.951430649,35.9001160450001],[-92.95573748,35.904395504],[-92.956038601,35.9061573120001],[-92.953546745,35.9106747860001],[-92.947973662,35.9129217990001],[-92.9423807589999,35.919438702],[-92.9426450349999,35.929242157],[-92.937069056,35.9317403090001],[-92.933053977,35.9309730730001],[-92.928414302,35.931464052],[-92.923149495,35.933457866],[-92.917872996,35.937714494],[-92.9153974119999,35.938208027],[-92.9117174419999,35.932168049],[-92.911432443,35.927391055],[-92.914544706,35.923131572],[-92.9191932099999,35.920631809],[-92.923564084,35.911597097],[-92.9294603119999,35.906589296],[-92.9319846779999,35.895537054],[-92.933854791,35.892024685],[-92.936956117,35.889520319],[-92.946554269,35.8850234540001],[-92.946871309,35.883264888],[-92.944736015,35.87722997],[-92.946296438,35.8737137140001],[-92.948470904,35.8709549120001],[-92.950637785,35.869958436],[-92.956200632,35.8692174380001],[-92.9537474429999,35.865190688],[-92.953760793,35.8621734290001],[-92.952840037,35.860913597],[-92.948500589,35.8644197720001],[-92.942618528,35.8674190990001],[-92.938261853,35.8744473180001],[-92.935471185,35.876699665],[-92.923723368,35.8786759280001],[-92.917841471,35.8811710950001],[-92.907598821,35.890688552],[-92.906363096,35.890685788],[-92.907330347,35.882647537],[-92.912299047,35.877386309],[-92.911071382,35.8758750820001],[-92.904906373,35.87334128],[-92.902139255,35.870822231],[-92.9006153289999,35.8667993490001],[-92.897222884,35.86578071],[-92.895070169,35.8640147240001],[-92.894775958,35.8612496750001],[-92.896029572,35.857736603],[-92.900378716,35.8527261290001],[-92.909991933,35.84471245],[-92.912481133,35.840950456],[-92.9128034459999,35.8381886940001],[-92.917771702,35.83242004],[-92.924933739,35.819630035],[-92.9252641859999,35.815108475],[-92.9231329469999,35.809066466],[-92.9231501369999,35.8055511600001],[-92.925940692,35.8027962530001],[-92.9293425989999,35.8012974440001],[-92.935824866,35.800814314],[-92.944148844,35.802594599],[-92.944461007,35.801839828],[-92.9346379409999,35.790757383],[-92.933712135,35.7907568360001],[-92.93060252,35.795772866],[-92.924737829,35.7962591240001],[-92.913272971,35.805774091],[-92.902158134,35.8067457610001],[-92.90399853,35.8090102100001],[-92.9147813709999,35.81281375],[-92.916311009,35.81558363],[-92.911652483,35.8213493640001],[-92.908535839,35.827368408],[-92.906983216,35.829124128],[-92.901104735,35.8316183160001],[-92.896746244,35.838637921],[-92.891493591,35.8393774520001],[-92.884109318,35.8345769680001],[-92.883485315,35.8358348350001],[-92.885612561,35.8421203290001],[-92.8852609049999,35.8501641020001],[-92.8815323869999,35.854423335],[-92.872877294,35.855903045],[-92.8731695499999,35.858917261],[-92.877471314,35.8629505070001],[-92.880831712,35.8697482790001],[-92.881121822,35.873270013],[-92.8780218859999,35.875265644],[-92.877706164,35.8765228230001],[-92.883858547,35.8813193290001],[-92.884457448,35.8848383550001],[-92.883204281,35.8881023070001],[-92.881032169,35.889851831],[-92.874224071,35.8918408580001],[-92.8726252339999,35.9016356390001],[-92.874168717,35.901891834],[-92.877889179,35.8996442550001],[-92.8800375019999,35.9024140120001],[-92.885894841,35.904947468],[-92.8877090619999,35.9124925420001],[-92.876543376,35.919743559],[-92.874672271,35.922754361],[-92.873092202,35.9290269460001],[-92.875196755,35.9398431610001],[-92.881610568,35.954439059],[-92.8818939929999,35.9592138950001],[-92.880654307,35.959711859],[-92.872995322,35.946619411],[-92.8699170799999,35.9440975460001],[-92.8634312139999,35.9428167080001],[-92.858814024,35.939281586],[-92.854856781,35.9284625440001],[-92.852757092,35.9173990890001],[-92.847229215,35.911349984],[-92.846630104,35.90807957],[-92.84757192,35.905570906],[-92.853774102,35.901821795],[-92.8587898649999,35.889273126],[-92.8581849299999,35.8870110500001],[-92.85357117,35.883478122],[-92.8483309439999,35.8814497810001],[-92.845871701,35.879427349],[-92.8458935209999,35.875660441],[-92.851841314,35.862110123],[-92.852180753,35.856836393],[-92.849442461,35.8497902410001],[-92.841782353,35.839709414],[-92.839953785,35.8356834460001],[-92.840032863,35.822362723],[-92.838210908,35.8173335930001],[-92.835414879,35.8203398910001],[-92.8310387509999,35.8293660570001],[-92.826074901,35.8333709],[-92.829432203,35.839665214],[-92.828779684,35.845443695],[-92.831553974,35.846204636],[-92.833394351,35.848223386],[-92.8324011189999,35.859273859],[-92.8311458809999,35.862536678],[-92.821525036,35.87004104],[-92.817465528,35.8770597560001],[-92.815612237,35.8770567280001],[-92.810120716,35.866228779],[-92.811102757,35.857434939],[-92.807739677,35.8521433710001],[-92.80434622,35.851629335],[-92.802205811,35.8483553820001],[-92.7920023409999,35.8503257200001],[-92.787397561,35.8462850280001],[-92.780281958,35.8482638890001],[-92.777523451,35.845236673],[-92.7775609729999,35.839709687],[-92.783148705,35.835208429],[-92.778540096,35.8319235180001],[-92.778587876,35.8248889660001],[-92.780453843,35.8228852170001],[-92.786026398,35.8203952690001],[-92.786962434,35.8188907370001],[-92.786387516,35.812605692],[-92.7879437569999,35.810604465],[-92.791034888,35.8098642960001],[-92.805792641,35.8187158330001],[-92.8061075269999,35.8177146470001],[-92.803055044,35.8124253240001],[-92.803077786,35.8089054330001],[-92.804646388,35.804890636],[-92.8047017169999,35.7963495000001],[-92.798803135,35.8018547510001],[-92.7904594839999,35.803579029],[-92.785226838,35.801543334],[-92.780943688,35.796000604],[-92.78029271,35.8010225310001],[-92.7784377689999,35.8015195040001],[-92.775367492,35.799242475],[-92.7750483189999,35.800751002],[-92.777175783,35.805531441],[-92.7718934229999,35.810788824],[-92.769368901,35.8188196030001],[-92.766885772,35.8208183610001],[-92.763486996,35.8213065410001],[-92.7598005149999,35.8187753030001],[-92.7570243329999,35.8185133370001],[-92.756703456,35.820270952],[-92.752972284,35.824025711],[-92.752943795,35.8280414650001],[-92.757536943,35.8333406310001],[-92.757465854,35.843393361],[-92.755563469,35.8504181770001],[-92.754320962,35.8514219510001],[-92.751850758,35.8514066920001],[-92.746049021,35.842335916],[-92.739570386,35.8415554010001],[-92.735573663,35.839273242],[-92.736699398,35.854104697],[-92.73574882,35.857368896],[-92.732630867,35.8613762270001],[-92.729851386,35.861362768],[-92.7237163999999,35.855806326],[-92.716626939,35.8540096570001],[-92.708953639,35.8479429870001],[-92.710410466,35.8592616400001],[-92.703287599,35.861736507],[-92.698631531,35.8647277800001],[-92.6909081429999,35.8649430580001],[-92.6862495,35.868189794],[-92.675146605,35.8661216740001],[-92.669626652,35.861319092],[-92.664385072,35.8602856700001],[-92.661590997,35.8620305480001],[-92.6593972639999,35.865784922],[-92.658407229,35.873320312],[-92.6555806869999,35.8788323840001],[-92.651260207,35.878310836],[-92.649374603,35.882067541],[-92.646278862,35.8828060870001],[-92.641660625,35.881022253],[-92.6357689439999,35.8835048220001],[-92.6310755389999,35.8902626140001],[-92.621511389,35.888700112],[-92.616870703,35.889427353],[-92.613136031,35.892425057],[-92.610970934,35.8926629540001],[-92.6092334579999,35.8798377360001],[-92.610476078,35.8790892530001],[-92.6156955609999,35.882639576],[-92.619091592,35.882910187],[-92.621576131,35.881412604],[-92.6213167239999,35.8758858900001],[-92.625372466,35.871383667],[-92.623270759,35.864586468],[-92.6260614829999,35.8633453480001],[-92.628829852,35.864618552],[-92.634697791,35.8646484660001],[-92.634632036,35.872186926],[-92.635556525,35.8724436460001],[-92.6386889089999,35.867435539],[-92.642734533,35.8639364410001],[-92.641847134,35.859410429],[-92.644954691,35.8571653390001],[-92.6471871969999,35.8488878360001],[-92.644093393,35.8496240740001],[-92.641602975,35.8518692260001],[-92.639091475,35.8566332190001],[-92.628278548,35.857074932],[-92.627696696,35.853051604],[-92.6224669009999,35.850761306],[-92.617839951,35.8502336820001],[-92.615389593,35.8479593070001],[-92.611080822,35.846426003],[-92.610797099,35.84365769],[-92.613321276,35.837641825],[-92.610256823,35.8351105400001],[-92.611221573,35.8308442650001],[-92.610306983,35.8295816570001],[-92.603798684,35.832308703],[-92.603114727,35.839592629],[-92.601257775,35.84008663],[-92.5988293409999,35.835549085],[-92.5951386529999,35.83402039],[-92.5895419,35.8382585460001],[-92.580597857,35.837200744],[-92.57938683,35.834678109],[-92.58063588,35.8331801940001],[-92.586838448,35.8302026650001],[-92.590288195,35.8244422830001],[-92.590311489,35.8219279520001],[-92.602629323,35.8160741250001],[-92.617580602,35.8102745320001],[-92.61971139,35.813551793],[-92.627433798,35.8128431010001],[-92.6341774319999,35.818158408],[-92.633531821,35.821423985],[-92.629172909,35.8256696340001],[-92.628498043,35.832201179],[-92.6294194719999,35.832707563],[-92.633796435,35.8264482060001],[-92.638461513,35.822453943],[-92.638529186,35.8146621500001],[-92.6400792429999,35.813915895],[-92.644067402,35.816702675],[-92.646808535,35.820990217],[-92.6501079779999,35.832315846],[-92.652860273,35.8353461350001],[-92.654404044,35.8353539400001],[-92.6588254709999,35.8235667330001],[-92.661622612,35.8213191410001],[-92.6659479959999,35.8208413360001],[-92.680706932,35.827953962],[-92.6825588739999,35.8279611890001],[-92.681655481,35.82519317],[-92.668463332,35.815324929],[-92.669707961,35.8140774450001],[-92.680849494,35.8103632290001],[-92.683642864,35.808364055],[-92.683034327,35.8073605930001],[-92.672833665,35.809317766],[-92.662613796,35.81353683],[-92.660469963,35.811512856],[-92.6545976739999,35.8124877760001],[-92.647842222,35.808428754],[-92.647857543,35.8066735030001],[-92.651913705,35.8014166240001],[-92.660296219,35.7954307310001],[-92.660621315,35.793421799],[-92.659112771,35.78939597],[-92.66099296,35.7858862630001],[-92.657933348,35.7828559330001],[-92.657943696,35.78159916],[-92.6616732209999,35.778350834],[-92.6641746509999,35.774345447],[-92.6654145649999,35.773596363],[-92.6709277749999,35.7783988050001],[-92.682321685,35.7809723890001],[-92.689112381,35.780501423],[-92.698713637,35.775777072],[-92.699029428,35.7747719500001],[-92.688858542,35.773715339],[-92.670996174,35.7701066020001],[-92.66269952,35.7662970110001],[-92.659606551,35.767282752],[-92.6546394709999,35.771028276],[-92.6521441249999,35.774281757],[-92.650779926,35.789601272],[-92.6495222889999,35.7923592560001],[-92.6417565359999,35.798349267],[-92.6386229139999,35.803860044],[-92.6367646749999,35.8046037730001],[-92.6337009819999,35.8020734830001],[-92.625697697,35.799765268],[-92.620807198,35.794465039],[-92.6143482539999,35.79216655],[-92.6125103259999,35.7906471000001],[-92.611934296,35.786120967],[-92.602356454,35.787571723],[-92.5949565399999,35.7870264700001],[-92.590311989,35.788758193],[-92.5884376,35.7912614460001],[-92.5883928439999,35.7960334580001],[-92.5893023089999,35.7978013380001],[-92.593289999,35.800336283],[-92.592974783,35.8010901150001],[-92.588334542,35.802316696],[-92.584026036,35.8010360640001],[-92.5790908439999,35.8007555890001],[-92.577232431,35.8014983460001],[-92.575985933,35.8027469830001],[-92.5756392769999,35.806762513],[-92.578069677,35.810799848],[-92.5780481749999,35.8130603720001],[-92.569088702,35.8140108160001],[-92.5641552499999,35.813480532],[-92.554965051,35.8063884310001],[-92.553108358,35.8068770850001],[-92.548108868,35.813129933],[-92.5450202499999,35.8133627780001],[-92.543489355,35.812093975],[-92.542952161,35.804049945],[-92.5386849339999,35.798744884],[-92.538737544,35.793469637],[-92.544667369,35.7867229230001],[-92.543749503,35.7859625230001],[-92.53757939,35.7859251140001],[-92.527061497,35.788622635],[-92.520240477,35.7918424960001],[-92.510108449,35.7870033390001],[-92.506099991,35.7867236970001],[-92.498666349,35.7894404360001],[-92.495889566,35.7894211500001],[-92.4912911549999,35.7866278230001],[-92.490049157,35.787370405],[-92.489078036,35.7916356170001],[-92.493657943,35.7961890280001],[-92.495242764,35.821330174],[-92.4964851239999,35.820582975],[-92.499034517,35.8130613110001],[-92.5037137369999,35.8083185740001],[-92.51018178,35.809617852],[-92.511708813,35.811136149],[-92.510971381,35.8226887970001],[-92.512509729,35.8232015560001],[-92.515072301,35.8141754050001],[-92.514805423,35.810149913],[-92.5084213499999,35.8008100760001],[-92.522434141,35.7971247450001],[-92.527313783,35.7941497950001],[-92.528843786,35.795416414],[-92.5333731009999,35.805243697],[-92.532366365,35.8132781480001],[-92.5350581,35.821842589],[-92.539088003,35.8201097940001],[-92.5403176889999,35.8206192310001],[-92.547646084,35.8287040930001],[-92.5411004599999,35.8349473750001],[-92.536462017,35.8356712570001],[-92.529690283,35.8336183100001],[-92.5285096919999,35.828334098],[-92.529200783,35.821048933],[-92.5261397949999,35.8185152900001],[-92.5261986369999,35.812737231],[-92.528402581,35.8084805460001],[-92.5284282759999,35.8059686240001],[-92.524143394,35.80242516],[-92.520147319,35.8008866810001],[-92.5167485169999,35.801370048],[-92.5203732969999,35.8089303680001],[-92.520023608,35.8129479880001],[-92.518146163,35.815449706],[-92.518683051,35.82324264],[-92.516465247,35.828758572],[-92.516439517,35.831268278],[-92.519490177,35.834809813],[-92.511154999,35.834753317],[-92.499102137,35.8359299540001],[-92.505015022,35.8314478450001],[-92.506592416,35.8281869570001],[-92.5066422789999,35.823414502],[-92.505125182,35.8208926570001],[-92.5048532179999,35.817374382],[-92.507071547,35.811858731],[-92.504001315,35.8103305390001],[-92.502756323,35.8113269620001],[-92.501397762,35.8231299170001],[-92.502579463,35.82816533],[-92.501328507,35.8296646050001],[-92.4991576359999,35.830654628],[-92.495162771,35.8288682950001],[-92.488044261,35.830577095],[-92.490081317,35.8132510940001],[-92.4882835339999,35.8082142710001],[-92.485854908,35.8044309110001],[-92.4843120259999,35.804418517],[-92.4826797809999,35.8127006350001],[-92.481123017,35.8139452890001],[-92.479046978,35.8061420220001],[-92.475089794,35.801088426],[-92.475504986,35.791291164],[-92.4709536249999,35.7842229500001],[-92.469105312,35.7839582280001],[-92.465647919,35.789714723],[-92.4640970199999,35.7904585570001],[-92.460422486,35.7879220730001],[-92.459169103,35.7896678860001],[-92.459749861,35.792942086],[-92.4676700539999,35.802295058],[-92.467959574,35.80405324],[-92.462076394,35.8057701480001],[-92.4536518959999,35.8140061330001],[-92.4537053,35.809229197],[-92.457517605,35.799455585],[-92.4526141709999,35.7964084830001],[-92.452050277,35.791630077],[-92.4477595019999,35.789084486],[-92.449355243,35.784325439],[-92.44814956,35.7818014370001],[-92.451582496,35.7783082990001],[-92.451290689,35.7767989970001],[-92.4398888979999,35.775712561],[-92.4377035099999,35.7779560820001],[-92.4360784039999,35.7852312800001],[-92.4345268869999,35.7859751020001],[-92.432413445,35.7819401200001],[-92.431171039,35.7826819650001],[-92.429443454,35.7987524700001],[-92.432805684,35.801540587],[-92.4327830079999,35.803554197],[-92.426247632,35.8082776320001],[-92.422526975,35.809757995],[-92.421915425,35.8092489420001],[-92.422014507,35.800707887],[-92.420192303,35.798181592],[-92.4190221489999,35.7926448200001],[-92.4168800039999,35.7911235770001],[-92.414723356,35.790854842],[-92.412542775,35.792597341],[-92.410952647,35.796606535],[-92.4087663769999,35.798854584],[-92.408742794,35.800860496],[-92.4108669139999,35.803892784],[-92.407772694,35.8046249400001],[-92.397630916,35.801027816],[-92.397706027,35.7947448640001],[-92.3916739969999,35.783139012],[-92.39140451,35.7798743130001],[-92.3983645979999,35.765351153],[-92.398720807,35.7613341540001],[-92.398113055,35.7605758610001],[-92.389931566,35.7740804200001],[-92.38651379,35.7760655280001],[-92.380332459,35.7770227680001],[-92.378191451,35.7755008030001],[-92.377901545,35.7739916830001],[-92.381046725,35.7689865070001],[-92.3761916619999,35.7624160130001],[-92.376863685,35.7579002160001],[-92.3862885629999,35.7436480530001],[-92.386944354,35.7403886280001],[-92.386034566,35.739126318],[-92.383549805,35.740613642],[-92.376046054,35.7490976870001],[-92.3728914819999,35.7548544100001],[-92.370325596,35.7628733980001],[-92.364742994,35.7653401590001],[-92.3647308179999,35.7663480570001],[-92.370843334,35.77092026],[-92.368678667,35.771402724],[-92.358938082,35.767928538],[-92.3575960909999,35.769556843],[-92.3581912499999,35.771318767],[-92.3612349969999,35.774610792],[-92.361209904,35.776619784],[-92.363642969,35.7794019660001],[-92.35749279,35.777848808],[-92.3553272889999,35.778335537],[-92.356514115,35.782112957],[-92.35616146,35.7856293460001],[-92.358913037,35.7876613070001],[-92.357651001,35.789912972],[-92.358221059,35.793683926],[-92.355697279,35.79818691],[-92.36872071,35.79301589],[-92.369085076,35.7884960100001],[-92.371889788,35.7862557670001],[-92.373789694,35.7822503730001],[-92.375014759,35.7830107730001],[-92.375184686,35.794320709],[-92.3803872029999,35.7978817970001],[-92.382553437,35.797394717],[-92.3853821879999,35.7931450720001],[-92.386307701,35.793152423],[-92.3874420289999,35.801452834],[-92.3871028999999,35.8039660330001],[-92.3858656739999,35.8042046300001],[-92.3821903479999,35.801914696],[-92.3750835179999,35.8026128380001],[-92.371121441,35.798563937],[-92.3655518749999,35.7997761840001],[-92.3652274729999,35.801025107],[-92.366748332,35.8027992500001],[-92.363943333,35.8050393620001],[-92.363307965,35.8065411580001],[-92.364220876,35.8075522390001],[-92.367621752,35.807080763],[-92.3691432109999,35.808847886],[-92.3737567859999,35.8101400640001],[-92.378966844,35.813198447],[-92.378954344,35.8142041030001],[-92.3727477909999,35.81692085],[-92.366917931,35.814107096],[-92.363828203,35.8143349260001],[-92.36016219,35.81128999],[-92.358915348,35.8122898720001],[-92.358833908,35.8188216300001],[-92.3600436689999,35.8208393],[-92.3637196079999,35.823130022],[-92.370195548,35.823683176],[-92.394795971,35.831664226],[-92.397274393,35.8309285890001],[-92.3979067069999,35.829677722],[-92.396710884,35.8264013200001],[-92.397349548,35.8246476410001],[-92.41179798,35.8297812600001],[-92.4145852189999,35.829050651],[-92.418636027,35.8258114290001],[-92.4201795769999,35.8258224780001],[-92.421402588,35.8268405920001],[-92.4209566439999,35.8386452250001],[-92.4042911189999,35.838018536],[-92.365166431,35.830933526],[-92.347592581,35.8290318000001],[-92.348339798,35.81873675],[-92.347102069,35.8189749210001],[-92.344206727,35.828249693],[-92.341441647,35.827220443],[-92.341820104,35.821697811],[-92.340289712,35.8206798640001],[-92.3389684159999,35.8274552880001],[-92.3358848679999,35.827173917],[-92.335627645,35.82315527],[-92.333759576,35.824394883],[-92.333113381,35.8266549460001],[-92.3281904409999,35.825357862],[-92.33943068,35.8153991730001],[-92.34560978,35.8149446730001],[-92.349086794,35.8084377760001],[-92.3360839759999,35.811599662],[-92.3373599129999,35.8083429810001],[-92.3460390239999,35.805398832],[-92.34698041,35.8041516440001],[-92.3433411999999,35.799094934],[-92.3399246879999,35.8008250030001],[-92.335922561,35.8000364010001],[-92.333135902,35.8007695650001],[-92.330210316,35.812304403],[-92.321182247,35.8182612100001],[-92.319547648,35.825283207],[-92.3143034939999,35.8249903600001],[-92.3143558959999,35.820967927],[-92.309989533,35.824450728],[-92.3041337929999,35.823647635],[-92.307266855,35.820155302],[-92.315021545,35.8172076590001],[-92.310435894,35.813899513],[-92.311401044,35.8108928500001],[-92.321903772,35.810224691],[-92.325899454,35.8115166210001],[-92.327448283,35.811028288],[-92.319798895,35.8059382270001],[-92.3201300809999,35.8041817610001],[-92.326983727,35.799211991],[-92.3279545779999,35.7957002380001],[-92.327038702,35.794942513],[-92.3232875639999,35.7986754730001],[-92.322709346,35.7956608260001],[-92.317742901,35.7978783680001],[-92.317766096,35.7961186970001],[-92.311644099,35.7922996390001],[-92.31165751,35.7912940100001],[-92.318743734,35.7921060950001],[-92.328324486,35.790931141],[-92.3369437059999,35.7925106220001],[-92.325924318,35.7856359],[-92.322537535,35.785102749],[-92.320098571,35.782819768],[-92.311168771,35.7814888240001],[-92.311487286,35.780735952],[-92.323238922,35.778577403],[-92.331227176,35.7811541620001],[-92.332107548,35.784681692],[-92.341000208,35.7890231740001],[-92.3425490509999,35.7885344690001],[-92.3408096319999,35.7797244770001],[-92.338981029,35.7779514110001],[-92.3405901309999,35.7726863660001],[-92.340018164,35.7691647890001],[-92.343140593,35.7661714110001],[-92.342854356,35.7644131270001],[-92.3395128239999,35.7603653400001],[-92.337739244,35.754318416],[-92.336197197,35.7543062290001],[-92.334276328,35.7598215740001],[-92.333049219,35.7593098880001],[-92.3294291729999,35.7529958380001],[-92.323050627,35.745405546],[-92.3225281379999,35.7381148380001],[-92.31797233,35.732798164],[-92.318804071,35.716221551],[-92.316370653,35.7136871770001],[-92.313596893,35.713663356],[-92.305812083,35.7196296120001],[-92.303883366,35.725644899],[-92.303793996,35.732425522],[-92.310155972,35.7410274370001],[-92.312537595,35.747579864],[-92.3223266809999,35.7536905860001],[-92.326290512,35.757242827],[-92.328406709,35.7605256140001],[-92.328073047,35.7625312010001],[-92.325297098,35.7625121830001],[-92.317347038,35.7571650670001],[-92.3148797489999,35.7571446630001],[-92.314820605,35.761669924],[-92.3175217739999,35.7674692740001],[-92.3174920599999,35.7697318960001],[-92.3153102209999,35.7714747630001],[-92.3104011839999,35.7694202960001],[-92.3076219179999,35.7696499910001],[-92.3060003589999,35.7756666130001],[-92.298849264,35.779879613],[-92.293893446,35.781345786],[-92.295807456,35.7765858540001],[-92.295267929,35.770801185],[-92.3008591129999,35.7678327250001],[-92.3008828229999,35.766072933],[-92.3039997879999,35.7635905670001],[-92.304029898,35.761328485],[-92.302504703,35.7600564460001],[-92.296628302,35.7612661100001],[-92.2969634029999,35.759256061],[-92.3010384149999,35.754266273],[-92.2964066759999,35.754730502],[-92.2967982119999,35.7484513380001],[-92.293161905,35.7436467680001],[-92.284856853,35.74206717],[-92.28210941,35.740033614],[-92.279446416,35.731717298],[-92.285628704,35.7305119010001],[-92.2868788499999,35.729268833],[-92.284761218,35.72623443],[-92.285099969,35.723975324],[-92.288842045,35.720742123],[-92.2873283609999,35.7187180490001],[-92.281800818,35.7171626090001],[-92.282129234,35.7156555990001],[-92.2895698999999,35.71245743],[-92.2927125909999,35.707960192],[-92.296129154,35.705980267],[-92.300765207,35.7050128240001],[-92.309538485,35.6940335670001],[-92.309554813,35.692775114],[-92.307090095,35.692756316],[-92.294423641,35.6951608570001],[-92.295196898,35.6833571980001],[-92.292491301,35.678306643],[-92.292819391,35.6768043480001],[-92.300928303,35.669336566],[-92.306508954,35.6666149640001],[-92.308045828,35.666883645],[-92.304840261,35.676404291],[-92.3047874759999,35.6804219250001],[-92.307513364,35.6839655100001],[-92.312101888,35.686512566],[-92.324095278,35.68837297],[-92.326206631,35.691909303],[-92.337539657,35.6972764670001],[-92.328272958,35.698960605],[-92.3236181509999,35.7014353060001],[-92.316822725,35.702633629],[-92.316495135,35.704140438],[-92.329393028,35.7077639070001],[-92.335165076,35.7143458790001],[-92.3342537619999,35.737456588],[-92.335794973,35.7374690090001],[-92.339571506,35.7314687470001],[-92.34110029,35.732486367],[-92.343890269,35.731252323],[-92.346219748,35.7177000300001],[-92.347465407,35.7167076960001],[-92.350192034,35.7204971560001],[-92.351377294,35.724276837],[-92.350999895,35.7297998710001],[-92.3459159719999,35.741821235],[-92.3462047209999,35.7433328550001],[-92.354441939,35.7504365570001],[-92.35598716,35.7501948290001],[-92.359466289,35.7431870240001],[-92.366912946,35.739476284],[-92.371925951,35.7329849870001],[-92.376892658,35.7302573100001],[-92.377237572,35.7272441640001],[-92.371420552,35.723934781],[-92.371753785,35.7219248980001],[-92.373630603,35.7196791160001],[-92.3801491629999,35.7159623590001],[-92.381995671,35.716226293],[-92.382898913,35.717993506],[-92.38193496,35.7212539650001],[-92.386527738,35.7237983730001],[-92.392707794,35.7225916890001],[-92.3945365869999,35.724361575],[-92.3966013529999,35.7321682890001],[-92.4128232259999,35.7423422590001],[-92.412814284,35.7430961220001],[-92.404201793,35.741273161],[-92.397726975,35.741225059],[-92.398014001,35.7429832990001],[-92.402609431,35.745531295],[-92.403202189,35.74754649],[-92.395170236,35.748743894],[-92.3885922919999,35.7572337920001],[-92.388552653,35.7604994550001],[-92.389777124,35.7612644930001],[-92.391942225,35.7607772430001],[-92.395409667,35.7545226060001],[-92.398214845,35.75203487],[-92.401295862,35.7523089170001],[-92.405266163,35.7556046490001],[-92.411641587,35.764195998],[-92.406244648,35.777220077],[-92.412399122,35.778524206],[-92.4136392509999,35.778029395],[-92.415213439,35.775279498],[-92.4198613089999,35.773555108],[-92.424257671,35.766803947],[-92.416949645,35.758706799],[-92.418188981,35.758211864],[-92.424633612,35.7610245020001],[-92.42648951,35.760537986],[-92.429334443,35.7545252530001],[-92.431510623,35.7530361450001],[-92.433974693,35.7533030980001],[-92.4394571729999,35.7593761910001],[-92.4508961349999,35.7569452430001],[-92.454010883,35.7542008940001],[-92.454986542,35.7496869770001],[-92.4439874289999,35.7405609800001],[-92.443422101,35.7360370600001],[-92.446490785,35.737312581],[-92.447732354,35.7365705],[-92.450894251,35.7295546300001],[-92.453066325,35.7283165060001],[-92.4552076099999,35.7298347510001],[-92.45798482,35.7296081750001],[-92.479061938,35.7191995320001],[-92.480600324,35.7194614050001],[-92.479965383,35.7212128350001],[-92.462214806,35.737425687],[-92.46095653,35.7396786300001],[-92.463359725,35.745471438],[-92.466134246,35.7454915120001],[-92.468612676,35.7445052190001],[-92.47796317,35.7352738910001],[-92.483793831,35.7378260130001],[-92.480651359,35.7433319350001],[-92.478733064,35.7496017600001],[-92.475908851,35.754105038],[-92.468141628,35.759326248],[-92.4560604709999,35.764017854],[-92.4545017889999,35.765513604],[-92.454801548,35.7662707480001],[-92.470570155,35.762862956],[-92.475505041,35.7628968240001],[-92.483199106,35.7644563150001],[-92.4887562659999,35.763992649],[-92.494946022,35.7620237890001],[-92.4996042069999,35.7590413120001],[-92.505524201,35.7533004540001],[-92.504860155,35.7578174280001],[-92.499846636,35.7653226370001],[-92.4930207369999,35.769050345],[-92.4766433619999,35.7716989900001],[-92.480003643,35.774739244],[-92.490191206,35.7740527120001],[-92.490180306,35.7750602310001],[-92.486138195,35.7780459780001],[-92.486113668,35.7803086690001],[-92.494086403,35.7848873240001],[-92.4971636,35.7856615370001],[-92.505198137,35.784456758],[-92.504001198,35.7809302420001],[-92.504330814,35.778923981],[-92.506186837,35.7784315980001],[-92.50656636,35.7716485990001],[-92.510905284,35.7696706360001],[-92.510850365,35.774945738],[-92.5148424229999,35.7767315340001],[-92.5126468719999,35.780233498],[-92.512939429,35.781744819],[-92.515692675,35.7840243790001],[-92.515039399,35.787538225],[-92.519350967,35.788318695],[-92.531722472,35.7853827770001],[-92.5335887859999,35.783886415],[-92.5336242769999,35.780371271],[-92.5327113339999,35.779108084],[-92.5296321709999,35.7785835610001],[-92.531207041,35.7753296770001],[-92.530926848,35.7725613590001],[-92.527569716,35.7690221120001],[-92.5284996949999,35.7685298870001],[-92.535254889,35.771588061],[-92.538036262,35.771103413],[-92.538074095,35.767330112],[-92.536853024,35.7660687110001],[-92.536943736,35.7570224790001],[-92.538174779,35.757282757],[-92.544566201,35.765864062],[-92.550730297,35.7664084720001],[-92.553522901,35.7646664800001],[-92.556913299,35.7649389430001],[-92.5578462939999,35.764188389],[-92.56030605,35.764959886],[-92.562166129,35.76396369],[-92.56128775,35.7591857730001],[-92.562543206,35.7569315280001],[-92.568115744,35.754703992],[-92.5743624409999,35.746447872],[-92.585788201,35.744761141],[-92.597670812,35.7443311690001],[-92.608622188,35.7431322360001],[-92.611378616,35.745157738],[-92.624925984,35.7474969730001],[-92.625227772,35.7482514860001],[-92.621507287,35.750493025],[-92.621798185,35.7525042820001],[-92.623333187,35.75326899],[-92.6282739009999,35.7525418290001],[-92.6332297979999,35.7500568350001],[-92.6338420009999,35.7505603180001],[-92.631018447,35.7560779550001],[-92.631000817,35.7580843280001],[-92.6288272039999,35.7598311620001],[-92.6312694119999,35.762607841],[-92.6303091939999,35.7666248830001],[-92.6321199769999,35.771156365],[-92.630886055,35.771151016],[-92.62081017,35.7595361240001],[-92.6180255959999,35.760523275],[-92.617066364,35.7642887920001],[-92.6152180019999,35.764026723],[-92.611864012,35.759733452],[-92.606657405,35.7556872640001],[-92.602050429,35.75364832],[-92.584768942,35.7548033140001],[-92.5788957519999,35.756277357],[-92.579196315,35.757031581],[-92.587836329,35.7565783680001],[-92.5933731599999,35.758121068],[-92.592429591,35.7601241340001],[-92.5779032249999,35.763308517],[-92.5772749079999,35.764560239],[-92.5856020319999,35.7646072650001],[-92.590202816,35.767401152],[-92.593915856,35.76616439],[-92.5966754579999,35.767941115],[-92.600392686,35.766203558],[-92.605320852,35.766985892],[-92.605910373,35.7700032440001],[-92.602816608,35.7709949040001],[-92.602807437,35.771997878],[-92.607086959,35.776294723],[-92.6067716489999,35.7770441160001],[-92.598783773,35.773481497],[-92.5938154569999,35.776968369],[-92.5901511339999,35.7729299710001],[-92.582712699,35.7766511620001],[-92.576856419,35.776115567],[-92.576913551,35.7700863470001],[-92.575371221,35.77007522],[-92.571325501,35.773818292],[-92.568850663,35.774560154],[-92.572812051,35.7796072290001],[-92.566936961,35.7810807970001],[-92.569669832,35.7856213170001],[-92.566499655,35.7943961400001],[-92.5652633079999,35.7946412650001],[-92.563127621,35.792114788],[-92.5629335199999,35.7803050810001],[-92.558636657,35.77801293],[-92.555581434,35.774979978],[-92.549725603,35.7744433820001],[-92.550307477,35.777963589],[-92.548131122,35.7797090450001],[-92.551484655,35.7837487130001],[-92.551447716,35.787517332],[-92.552666674,35.789032236],[-92.5514078689999,35.7915399880001],[-92.5523060529999,35.7943090210001],[-92.54240021,35.7975145350001],[-92.5423803629999,35.7995234160001],[-92.544821226,35.8023020960001],[-92.54569248,35.8078348350001],[-92.546926639,35.807843604],[-92.5488081349999,35.8048385870001],[-92.556863872,35.8016233720001],[-92.5605393229999,35.804410359],[-92.562699933,35.8044271520001],[-92.5657684349999,35.8062028690001],[-92.5673165809999,35.8057113090001],[-92.568572585,35.8034547990001],[-92.571051005,35.8024660190001],[-92.571075112,35.799949715],[-92.5738570949999,35.7994665520001],[-92.574825668,35.7949518350001],[-92.577645747,35.7904431380001],[-92.585719614,35.784963115],[-92.589148313,35.7812142000001],[-92.599011132,35.7822790980001],[-92.610738617,35.7818433350001],[-92.6194172209999,35.777367209],[-92.6212658109999,35.7776294330001],[-92.63140402,35.7824607270001],[-92.632911005,35.786489009],[-92.630429873,35.7879820590001],[-92.61684403,35.7891657810001],[-92.617145213,35.7899201070001],[-92.623606796,35.791964771],[-92.630355037,35.7965280510001],[-92.633138623,35.7957874530001],[-92.635068744,35.786751484],[-92.640059239,35.7804993350001],[-92.6401272109999,35.7727076850001],[-92.6413801739999,35.7704527720001],[-92.650661502,35.7672361050001],[-92.650055305,35.765978811],[-92.642970093,35.7649341470001],[-92.641130321,35.763668898],[-92.6396122369999,35.7608954200001],[-92.6405524739999,35.7591429870001],[-92.644855327,35.760924222],[-92.648252267,35.760437401],[-92.651365976,35.756935566],[-92.65476721,35.7559525340001],[-92.658773653,35.756224515],[-92.661543073,35.7569939850001],[-92.67225488,35.767099289],[-92.6879972569999,35.7656697100001],[-92.692295528,35.768207902],[-92.697851547,35.7677292490001],[-92.700955463,35.7652316750001],[-92.705876632,35.767015212],[-92.710212563,35.764773565],[-92.7200821549999,35.764824322],[-92.727516421,35.760586631],[-92.732486434,35.755836747],[-92.7368112629999,35.7548488630001],[-92.737730877,35.755607712],[-92.735840003,35.7611252660001],[-92.729600772,35.7706477680001],[-92.7298997359999,35.771902567],[-92.734498827,35.775696215],[-92.7369355499999,35.7799769170001],[-92.738138138,35.7842531790001],[-92.7380772239999,35.792545166],[-92.7368430939999,35.7925411300001],[-92.732298842,35.7812117300001],[-92.727097499,35.7754088950001],[-92.725859672,35.775907498],[-92.7291552459999,35.788985188],[-92.727917599,35.789483827],[-92.725168945,35.7857012050001],[-92.719720529,35.7718571730001],[-92.7178677059999,35.7720994150001],[-92.7159385319999,35.7823892870001],[-92.71407024,35.78464509],[-92.712219223,35.7846358200001],[-92.708241298,35.7803452700001],[-92.69899078,35.779798011],[-92.701415212,35.785336139],[-92.701395597,35.7878526010001],[-92.697028776,35.7938607460001],[-92.6948667619999,35.794100257],[-92.6816600079999,35.786494293],[-92.6702673249999,35.7836737420001],[-92.6653645929999,35.779625842],[-92.663817942,35.7801214420001],[-92.6649160329999,35.796459413],[-92.667080066,35.7959713180001],[-92.672360807,35.791727038],[-92.676355481,35.7937560710001],[-92.6850028279999,35.79279466],[-92.686537866,35.7938076820001],[-92.687114731,35.7988340850001],[-92.6941956759999,35.800881657],[-92.6987969739999,35.804420927],[-92.7024999669999,35.804439878],[-92.708322424,35.809745773],[-92.713239167,35.812532531],[-92.711997318,35.8135312740001],[-92.7051994139999,35.8145064730001],[-92.6949866209999,35.8179719780001],[-92.692825753,35.8179622810001],[-92.686981297,35.8154212100001],[-92.683275957,35.8156509090001],[-92.681724607,35.816651479],[-92.684784813,35.819930259],[-92.689400279,35.8217122190001],[-92.702039976,35.823786172],[-92.6939649399999,35.8300311510001],[-92.693959057,35.8307809080001],[-92.6989083129999,35.829552537],[-92.699493796,35.8335752450001],[-92.701039567,35.833328716],[-92.703219959,35.830828469],[-92.704763707,35.8308355770001],[-92.7066041799999,35.8323535430001],[-92.716498503,35.8303909680001],[-92.7174170439999,35.8313967650001],[-92.717079472,35.83516817],[-92.7028271679999,35.8416331010001],[-92.699100258,35.8443755390001],[-92.699084499,35.846388936],[-92.71146633,35.8424296210001],[-92.713008142,35.842685772],[-92.716989606,35.8469763740001],[-92.729898293,35.8550769060001],[-92.731446015,35.8545829],[-92.731490642,35.8485531480001],[-92.7293515269999,35.8455265490001],[-92.730618428,35.841261763],[-92.730343469,35.8367382390001],[-92.726664918,35.833202386],[-92.7266821919999,35.8309396160001],[-92.735020974,35.830477092],[-92.7402560789999,35.83225693],[-92.7540710649999,35.8431269170001],[-92.7541302289999,35.8348344560001],[-92.752916866,35.8318151720001],[-92.748322093,35.8267649250001],[-92.747726583,35.8237479810001],[-92.751778658,35.81823802],[-92.751829066,35.811203273],[-92.760139354,35.814507753],[-92.7666208219999,35.8145350570001],[-92.768173788,35.813032655],[-92.7660383209999,35.8095044770001],[-92.766999132,35.804484711],[-92.764853106,35.8024627630001],[-92.7652015799999,35.7966889520001],[-92.757833539,35.791377224],[-92.758147134,35.7906253400001],[-92.7670877689999,35.7916688980001],[-92.778514274,35.790209997],[-92.779758854,35.788707693],[-92.779782446,35.7851923110001],[-92.7770253159999,35.7824167840001],[-92.7822795179999,35.7809305550001],[-92.784144254,35.778927331],[-92.785662673,35.7824509070001],[-92.7865146789999,35.793510709],[-92.7877304209999,35.7962779540001],[-92.790816031,35.7962943370001],[-92.7926807539999,35.794288668],[-92.79490481,35.7844977600001],[-92.794657666,35.775202215],[-92.79316469,35.767658323],[-92.796577332,35.7646574],[-92.802129239,35.76467639],[-92.8039927899999,35.762677377],[-92.80462721,35.759913989],[-92.8034052199999,35.7581477890001],[-92.795414523,35.7538449910001],[-92.791428711,35.7503117420001],[-92.7889850769999,35.7467842780001],[-92.787779788,35.7425086370001],[-92.7881181179999,35.7379852880001],[-92.792179692,35.7299627410001],[-92.79310448,35.7299669390001],[-92.7939633999999,35.740020402],[-92.795783894,35.7445492570001],[-92.805299186,35.7513718860001],[-92.807152383,35.7508788490001],[-92.808836873,35.737065284],[-92.8124393099999,35.743864957],[-92.8183057849999,35.742628133],[-92.8189176079999,35.74338197],[-92.812064374,35.7544135680001],[-92.8123568949999,35.7569294840001],[-92.814501342,35.7591999000001],[-92.812908735,35.767229866],[-92.8153715349999,35.7679962030001],[-92.82401135,35.7675246680001],[-92.8338953539999,35.7653026790001],[-92.834505703,35.766307731],[-92.83202464,35.7685615350001],[-92.806998262,35.775001467],[-92.8035943739999,35.7767459070001],[-92.806044075,35.7795186320001],[-92.814968096,35.783072541],[-92.816193674,35.7843308400001],[-92.811245345,35.7863257750001],[-92.80906333,35.789833645],[-92.810755251,35.81496579],[-92.8129013819999,35.81723828],[-92.8202856409999,35.8210354650001],[-92.816230354,35.8278069420001],[-92.814640762,35.8350835140001],[-92.813089421,35.836333117],[-92.811241523,35.835573433],[-92.8084837979999,35.832295576],[-92.806010879,35.8327888970001],[-92.803251721,35.829764606],[-92.799861012,35.8289967540001],[-92.7952765429999,35.82193929],[-92.7931011699999,35.8241944120001],[-92.786910663,35.8266805010001],[-92.786283688,35.828186848],[-92.7924239439999,35.833239453],[-92.7923876149999,35.83876589],[-92.797320839,35.83979177],[-92.8034555089999,35.846098431],[-92.807156055,35.846868242],[-92.8096034709999,35.850393281],[-92.817005065,35.851932377],[-92.818540007,35.8534442690001],[-92.819732771,35.8602320000001],[-92.822827422,35.8592417610001],[-92.828104996,35.8547361660001],[-92.829976233,35.851728506],[-92.8290593259999,35.85021856],[-92.8222563589999,35.8516992200001],[-92.818880104,35.84842159],[-92.818988113,35.8310804810001],[-92.825502034,35.826082134],[-92.8273743349999,35.822818694],[-92.834008265,35.7977157490001],[-92.8358702259999,35.795964837],[-92.8367898989999,35.79697652],[-92.838584238,35.806530982],[-92.841348121,35.808800051],[-92.850590197,35.811596857],[-92.8446985429999,35.816352916],[-92.8437565689999,35.81911509],[-92.844292432,35.8329360280001],[-92.851362304,35.8382380910001],[-92.851650788,35.841755547],[-92.855921044,35.8508180850001],[-92.8580313259999,35.8598718050001],[-92.857691987,35.8651455420001],[-92.850513653,35.8779362810001],[-92.851125874,35.878945898],[-92.8566836109999,35.879467361],[-92.85883159,35.8819905510001],[-92.86345567,35.8837633520001],[-92.86157344,35.8887831260001],[-92.862160078,35.8943114140001],[-92.859051613,35.8975708090001],[-92.858722794,35.9010863290001],[-92.853429168,35.9081040300001],[-92.853720449,35.911120774],[-92.855862406,35.9148945430001],[-92.862002375,35.922204138],[-92.860412637,35.9299896250001],[-92.863758922,35.9395519670001],[-92.86807594,35.941576313],[-92.870865521,35.9403290770001],[-92.867555045,35.9242336890001],[-92.8706692109999,35.9199755510001],[-92.8821624079999,35.9094559710001],[-92.882170467,35.9079496160001],[-92.8775527449999,35.904669047],[-92.869213487,35.9038894490001],[-92.868633355,35.897096752],[-92.870833677,35.890320784],[-92.872698316,35.88831592],[-92.8792016739999,35.885573062],[-92.880759656,35.883067829],[-92.877998503,35.879537865],[-92.8705930149999,35.8780071680001],[-92.87059856,35.8770040320001],[-92.875557651,35.8740049830001],[-92.876504928,35.870238887],[-92.872525442,35.863690997],[-92.870672547,35.8636820900001],[-92.869430162,35.8649363370001],[-92.868197493,35.864430504],[-92.867002968,35.857138132],[-92.8611708289999,35.8508345390001],[-92.861182172,35.8488275890001],[-92.867369249,35.8468379880001],[-92.869818396,35.850615367],[-92.872893925,35.8528856140001],[-92.877218749,35.852646556],[-92.880939064,35.849898341],[-92.8821932499999,35.846383125],[-92.881902184,35.8431151290001],[-92.877611077,35.8373199820001],[-92.872993772,35.8347913860001],[-92.8736181199999,35.8335379870001],[-92.878572901,35.8307928190001],[-92.8791978529999,35.8292881190001],[-92.876452829,35.8232460880001],[-92.8783034589999,35.8235040010001],[-92.8822987469999,35.82678292],[-92.8884329909999,35.834339733],[-92.893681224,35.8343569150001],[-92.8961585009999,35.8328581650001],[-92.899578307,35.828345332],[-92.9045261969999,35.8266001870001],[-92.911360064,35.8180813000001],[-92.9119887959999,35.815817425],[-92.909223587,35.81329866],[-92.903060785,35.8112722380001],[-92.897503979,35.811502869],[-92.895956971,35.812252712],[-92.8937781549999,35.8157623760001],[-92.892853653,35.815512337],[-92.891334488,35.810982263],[-92.894436647,35.807974013],[-92.895375029,35.8054651960001],[-92.894148548,35.8039561580001],[-92.8836605819999,35.8031647190001],[-92.884282748,35.802165276],[-92.889228342,35.8006745530001],[-92.890160421,35.799418464],[-92.8855521309999,35.79563554],[-92.884336661,35.7921128300001],[-92.880339023,35.7895883320001],[-92.882235024,35.78130243],[-92.8911102819999,35.794900394],[-92.893270102,35.794906241],[-92.8994818149999,35.787136709],[-92.903226058,35.778856612],[-92.9044539509999,35.7801163020001],[-92.9056672679999,35.7841369720001],[-92.8985195829999,35.794166655],[-92.897579466,35.7969292110001],[-92.8978715389999,35.8001972820001],[-92.902172132,35.80398232],[-92.910815584,35.8035040460001],[-92.912989619,35.8007438320001],[-92.9179331669999,35.799505525],[-92.9207211999999,35.7972514780001],[-92.924771542,35.789219245],[-92.928472512,35.7894844030001],[-92.930640861,35.78773184],[-92.933125402,35.7842187430001],[-92.929149485,35.7769235110001],[-92.929157888,35.775163654],[-92.931330084,35.7724053150001],[-92.931961546,35.7693894230001],[-92.9362729599999,35.770910289],[-92.939330755,35.7766984260001],[-92.9417745549999,35.781985009],[-92.941402648,35.795804698],[-92.9466246439999,35.801092533],[-92.9509388989999,35.80235916],[-92.9540273219999,35.801868192],[-92.959320205,35.7910777910001],[-92.9614823539999,35.790579484],[-92.965796529,35.791845779],[-92.9635905919999,35.8026453800001],[-92.9657184179999,35.8101905820001],[-92.963855967,35.812695236],[-92.960470798,35.8104259630001],[-92.949669952,35.8101468260001],[-92.9367357739999,35.804081126],[-92.930252696,35.8045642860001],[-92.927154606,35.8070706350001],[-92.9271342179999,35.8113402920001],[-92.929878391,35.818384178],[-92.9270683139999,35.8251621140001],[-92.9208529159999,35.833687825],[-92.920517247,35.839215261],[-92.915874849,35.8414612],[-92.914626361,35.8442224200001],[-92.917065275,35.8505130030001],[-92.909650513,35.8512434740001],[-92.904080484,35.8534881890001],[-92.900665917,35.856997963],[-92.900019668,35.862523594],[-92.9055635569999,35.8655547290001],[-92.9064696629999,35.8695784540001],[-92.9086257,35.8708412840001],[-92.914800622,35.8713610890001],[-92.919096833,35.8771527050001],[-92.927760677,35.874163201],[-92.9320850669999,35.874177972],[-92.93456342,35.8726760870001],[-92.942642483,35.8621456760001],[-92.94665774,35.862155966],[-92.9488273699999,35.8604006680001],[-92.951949326,35.8528717520001],[-92.9534908589999,35.853380541],[-92.9544019429999,35.8569010430001],[-92.9568605709999,35.8596708520001],[-92.957451697,35.865701825],[-92.958987598,35.8677146850001],[-92.963303261,35.869488409],[-92.9571086729999,35.873490299],[-92.955564392,35.8734866940001],[-92.953409661,35.8717219530001],[-92.951554194,35.872221848],[-92.948761941,35.8749773530001],[-92.947809139,35.880755245],[-92.952730122,35.8857926380001],[-92.952721936,35.887552719],[-92.9391072989999,35.8920397270001],[-92.9353809679999,35.8960473610001],[-92.9309874369999,35.910358176],[-92.92478949,35.913862404],[-92.921339629,35.9241572110001],[-92.916688391,35.9271579000001],[-92.91574983,35.9294156620001],[-92.916658613,35.9331904640001],[-92.925022486,35.9296964010001],[-92.931207426,35.929209529],[-92.933689764,35.927204685],[-92.93992975,35.914659053],[-92.9427228759999,35.912152819],[-92.948604044,35.910156903],[-92.950156071,35.9086542000001],[-92.950786497,35.90589384],[-92.9467921569999,35.9008569970001],[-92.9477265369999,35.8990973410001],[-92.951136794,35.896594238],[-92.96196227,35.894111874],[-92.964454513,35.889340529],[-92.964804333,35.8797941030001],[-92.970381614,35.875788475],[-92.971318851,35.8732768],[-92.96886555,35.8689961430001],[-92.969202347,35.8624648690001],[-92.968281971,35.8609577770001],[-92.968607855,35.8569368510001],[-92.9707791229999,35.854678333],[-92.980055567,35.851687912],[-92.985009517,35.8484328320001],[-92.9865493899999,35.8494417850001],[-92.986509538,35.8594902130001],[-92.9889641679999,35.863518765],[-92.9942165319999,35.8630283320001],[-92.999176469,35.8582639700001],[-93.005043396,35.8585281260001],[-93.007828095,35.857023842],[-93.011536072,35.8565342410001],[-93.0127755459999,35.855278405],[-93.0127864849999,35.852261163],[-93.008177217,35.8462223940001],[-93.008491062,35.8447177530001],[-93.013737481,35.8454790760001],[-93.0196060659999,35.8449858920001],[-93.024246644,35.842234956],[-93.015643138,35.8306574800001],[-93.015042073,35.8261361090001],[-93.0203093219999,35.820617924],[-93.024327242,35.819114567],[-93.022761136,35.825648906],[-93.023054104,35.830169504],[-93.02428191,35.832182206],[-93.035996604,35.8372310830001],[-93.0387776009999,35.836480366],[-93.044968457,35.8314682480001],[-93.04898636,35.8299710630001],[-93.0489813569999,35.831477154],[-93.043093536,35.8385000600001],[-93.0421541919999,35.842521096],[-93.0381352379999,35.8440205850001],[-93.023243345,35.8645974140001],[-93.0238536479999,35.866609408],[-93.0263260849999,35.8661135070001],[-93.033140713,35.8603436980001],[-93.037140828,35.864876635],[-93.0365130179999,35.867891093],[-93.039900215,35.8709102970001],[-93.037101687,35.876685642],[-93.03708333,35.882214725],[-93.034909133,35.885727332],[-93.0278012109999,35.886467409],[-93.02778918,35.8899872970001],[-93.029932832,35.895520016],[-93.0296027639999,35.9018024870001],[-93.027418984,35.907827205],[-93.019962634,35.9191193180001],[-93.020261841,35.9218865030001],[-93.028266276,35.931200502],[-93.030402957,35.939245671],[-93.032256396,35.939752587],[-93.0331859359999,35.9390023760001],[-93.032891514,35.93472875],[-93.0301404419999,35.925425671],[-93.030464438,35.9211547190001],[-93.032642325,35.916885483],[-93.0363965609999,35.903070708],[-93.0391867989999,35.900310448],[-93.040422044,35.900567494],[-93.0435055359999,35.9025839340001],[-93.050281033,35.9098813360001],[-93.051827428,35.909382785],[-93.0509132189999,35.9053602760001],[-93.040754632,35.8932792270001],[-93.039835822,35.890763017],[-93.04695715,35.886001509],[-93.0479023459999,35.8802224570001],[-93.050697984,35.8752014300001],[-93.0510130439999,35.873193901],[-93.050088849,35.872439636],[-93.045761826,35.8731860010001],[-93.045462747,35.8701697760001],[-93.0479469369999,35.865899352],[-93.051044479,35.863140464],[-93.0522949149999,35.8581174440001],[-93.0547748499999,35.8551062430001],[-93.060959437,35.8523515640001],[-93.064368003,35.8483387420001],[-93.0739583879999,35.841821898],[-93.0727327829999,35.8385525370001],[-93.06965177,35.8362851700001],[-93.0699655609999,35.834526856],[-93.073062034,35.8312668080001],[-93.073997703,35.8277461230001],[-93.073725732,35.814684017],[-93.078972544,35.8146879540001],[-93.081445203,35.8134365820001],[-93.0823755869999,35.8116777070001],[-93.082079359,35.8071557590001],[-93.0777833349999,35.7981043940001],[-93.078105765,35.793079558],[-93.079653376,35.791321399],[-93.086116907,35.797362101],[-93.0873308659999,35.8051545820001],[-93.091639819,35.809682176],[-93.085437567,35.8209802430001],[-93.085724291,35.82927649],[-93.086956818,35.830280526],[-93.1027129139999,35.8252769690001],[-93.119991198,35.8290681890001],[-93.118445413,35.8300702280001],[-93.104857942,35.831811418],[-93.097752403,35.834066459],[-93.094968998,35.835817553],[-93.094347269,35.837579621],[-93.09496022,35.8393376270001],[-93.0986616449999,35.840847555],[-93.110390825,35.8423753440001],[-93.1147139509999,35.8421293500001],[-93.119040486,35.8403745860001],[-93.119948376,35.8486682670001],[-93.112232424,35.8471484990001],[-93.0998696999999,35.851906618],[-93.088128825,35.8544075080001],[-93.086264523,35.858674331],[-93.083480525,35.860430116],[-93.083471888,35.8636959580001],[-93.0763545519999,35.8687091],[-93.079111875,35.8770068310001],[-93.080655624,35.877264708],[-93.0880844609999,35.871491791],[-93.094886528,35.868737706],[-93.100139332,35.8679931360001],[-93.104460553,35.869253916],[-93.107550277,35.8687518620001],[-93.1121962509999,35.8632314770001],[-93.121136226,35.8707796260001],[-93.125147022,35.8727998900001],[-93.1245268819999,35.874054422],[-93.112152458,35.8823296690001],[-93.101636442,35.8875914000001],[-93.100084118,35.890607102],[-93.1000669109999,35.897643042],[-93.103136505,35.906191033],[-93.10282125,35.9087064500001],[-93.093849163,35.9127118820001],[-93.090723382,35.926533439],[-93.0916503459999,35.926532878],[-93.096300941,35.921008369],[-93.100940338,35.9197583330001],[-93.101564072,35.91750001],[-93.105903799,35.9119784170001],[-93.108689607,35.9102224050001],[-93.108706279,35.902932665],[-93.10963515,35.9021819480001],[-93.119520361,35.9034496890001],[-93.113358182,35.8956519980001],[-93.113677245,35.891129402],[-93.117093412,35.883091737],[-93.120189044,35.880330891],[-93.122041951,35.8805848470001],[-93.125125329,35.883348805],[-93.126362065,35.882848224],[-93.127915827,35.8783258350001],[-93.134085544,35.8828567320001],[-93.144239225,35.904982418],[-93.1457849719999,35.904482403],[-93.14486891,35.8987010000001],[-93.147346252,35.8956874960001],[-93.147351264,35.892924045],[-93.144887126,35.8886447460001],[-93.1448934379999,35.88537877],[-93.146133017,35.8831222590001],[-93.143980562,35.877841168],[-93.1455311729999,35.8743241870001],[-93.145537754,35.870808524],[-93.1433814709999,35.867536574],[-93.1350531269999,35.86200174],[-93.1350556629999,35.860744545],[-93.138766429,35.8582369280001],[-93.144938382,35.860753264],[-93.147719434,35.859750639],[-93.150815268,35.8554848850001],[-93.1542123739999,35.8554855290001],[-93.161318958,35.85297769],[-93.1622443109999,35.8537329480001],[-93.158526925,35.860767208],[-93.157900801,35.8660430410001],[-93.159134872,35.8667948390001],[-93.162224086,35.8662980660001],[-93.1662449029999,35.862780307],[-93.173968857,35.860776629],[-93.174585161,35.86178434],[-93.172109259,35.8652987040001],[-93.1727229429999,35.868063949],[-93.1711754149999,35.870326828],[-93.171481694,35.8720831950001],[-93.1742572429999,35.8751029690001],[-93.173015622,35.8793733790001],[-93.1637467899999,35.8801167890001],[-93.162819058,35.880872874],[-93.163124732,35.882882819],[-93.1680613629999,35.886909142],[-93.1683657579999,35.8899229900001],[-93.186286335,35.889182545],[-93.1859758259999,35.890434122],[-93.179480524,35.89571153],[-93.166802151,35.902236353],[-93.166179836,35.9052512760001],[-93.167412766,35.9070091500001],[-93.1726679769999,35.9060074330001],[-93.175757832,35.9062600870001],[-93.177610382,35.9075211910001],[-93.180075619,35.9125493240001],[-93.179762809,35.915314144],[-93.178523812,35.917321691],[-93.1680077999999,35.9223406200001],[-93.162435735,35.927611235],[-93.156560424,35.9288663300001],[-93.1389404509999,35.928848918],[-93.137391608,35.930605853],[-93.137686839,35.937642737],[-93.143260592,35.9328764890001],[-93.144496738,35.933125596],[-93.150056537,35.9358978240001],[-93.156848662,35.9414332860001],[-93.15838975,35.9441955880001],[-93.158380461,35.9497252140001],[-93.1497130669999,35.9552474760001],[-93.143498052,35.9715792970001],[-93.141331716,35.9723281500001],[-93.138561388,35.9652907620001],[-93.1370171299999,35.9640300780001],[-93.129590344,35.9662862490001],[-93.116600552,35.9662711500001],[-93.114124056,35.967274273],[-93.093099202,35.965236437],[-93.1029831659999,35.970021737],[-93.107305673,35.973296448],[-93.119375963,35.9700446370001],[-93.124942764,35.9703013180001],[-93.130196623,35.9723145310001],[-93.1410086829999,35.979617148],[-93.155557115,35.9738489210001],[-93.1642156679999,35.9751111590001],[-93.169779292,35.9778824910001],[-93.177503754,35.984167578],[-93.181207726,35.9904527320001],[-93.182446629,35.9891967950001],[-93.182465991,35.9746213970001],[-93.188961706,35.974372703],[-93.191129216,35.972868513],[-93.191130933,35.971108529],[-93.186184818,35.9690944540001],[-93.1790708729999,35.969340818],[-93.179389107,35.962808556],[-93.176916923,35.9613007240001],[-93.167633547,35.965062034],[-93.166396989,35.9648086030001],[-93.168572152,35.957777519],[-93.172908451,35.95325209],[-93.173845526,35.94672203],[-93.1834258819999,35.950493436],[-93.2044475179999,35.955029138],[-93.214340097,35.9582983930001],[-93.220834226,35.958299315],[-93.221453366,35.957297693],[-93.206616943,35.950255774],[-93.203837022,35.94724115],[-93.201989456,35.9402015270001],[-93.2001349879999,35.93944823],[-93.1964246649999,35.9399486880001],[-93.1933354189999,35.937682684],[-93.18993434,35.9379324280001],[-93.185919551,35.9346688050001],[-93.176955764,35.9336541700001],[-93.176957381,35.932648656],[-93.182528265,35.927374297],[-93.18284661,35.9205936600001],[-93.185016015,35.9160674500001],[-93.1908947479999,35.910792213],[-93.195528511,35.91230419],[-93.191504411,35.9178302280001],[-93.190881939,35.921348578],[-93.1942737369999,35.9283886310001],[-93.196747261,35.9278866710001],[-93.2016981089999,35.923115356],[-93.204481089,35.9223604800001],[-93.223630697,35.9407099360001],[-93.226414356,35.939455808],[-93.2264182769999,35.933674938],[-93.2242608189999,35.9253821450001],[-93.2187014149999,35.919600744],[-93.214076456,35.9070372780001],[-93.2143878049999,35.9045218810001],[-93.221490463,35.9103052130001],[-93.224890272,35.9103037040001],[-93.227364225,35.9077916470001],[-93.227058896,35.9027642090001],[-93.231077816,35.9002542970001],[-93.231080331,35.8962311490001],[-93.227376782,35.89019955],[-93.2264572559999,35.8801482120001],[-93.222139877,35.8705991050001],[-93.222758112,35.86984656],[-93.226772752,35.8711039830001],[-93.228933233,35.873112587],[-93.2344848609999,35.8866834740001],[-93.2385011869999,35.887186168],[-93.243442086,35.89095544],[-93.243131042,35.895981073],[-93.244983387,35.898997147],[-93.2449825369999,35.901008077],[-93.241891003,35.903269848],[-93.240962983,35.9057818220001],[-93.239717866,35.9216152060001],[-93.2418791219999,35.9266388180001],[-93.247749208,35.933677172],[-93.249292633,35.9389550070001],[-93.2564004829999,35.9487576760001],[-93.257946246,35.9497629430001],[-93.265058166,35.9492576420001],[-93.267841496,35.9459908320001],[-93.264442507,35.9361872330001],[-93.264752635,35.9301581300001],[-93.271244138,35.932418661],[-93.275881464,35.931410504],[-93.278045433,35.9263866320001],[-93.2792822169999,35.9256284350001],[-93.286083037,35.930152386],[-93.290721026,35.938442841],[-93.293813566,35.9417096760001],[-93.296595472,35.9412038830001],[-93.298450305,35.938439735],[-93.2999942289999,35.931404695],[-93.305248007,35.927632944],[-93.305865587,35.925366873],[-93.3049377579999,35.92310617],[-93.3002998269999,35.9193424750001],[-93.293499463,35.916579579],[-93.289790553,35.9163288],[-93.290098872,35.911556934],[-93.2842268699999,35.9080408190001],[-93.284226711,35.9065275950001],[-93.287625818,35.9040141500001],[-93.287316424,35.9017549800001],[-93.284226275,35.8984880850001],[-93.283917244,35.894468767],[-93.2811363659999,35.8924597380001],[-93.278046551,35.8917048760001],[-93.2678504099999,35.891707264],[-93.266614739,35.8902023200001],[-93.26661519,35.888442663],[-93.272485299,35.887686466],[-93.2743390959999,35.8861777660001],[-93.2792820619999,35.8791399510001],[-93.279900222,35.869340439],[-93.268474103,35.8557753040001],[-93.263841472,35.8557750690001],[-93.26044523,35.853261166],[-93.2499464799999,35.8520084940001],[-93.249947838,35.8492424660001],[-93.2521113509999,35.842708788],[-93.253346732,35.841704033],[-93.259829699,35.8462284330001],[-93.263535131,35.845723616],[-93.270946177,35.8396917050001],[-93.2709461329999,35.843458662],[-93.268166052,35.8494906490001],[-93.2694010989999,35.8504951310001],[-93.2848412069999,35.8509965440001],[-93.284532343,35.8517455420001],[-93.274341922,35.8550174100001],[-93.2752680949999,35.857282405],[-93.2842243329999,35.8638116000001],[-93.288548464,35.864811504],[-93.290401983,35.868333626],[-93.292255225,35.8695883560001],[-93.289784942,35.874865029],[-93.288241765,35.8859228380001],[-93.2984407279999,35.9004956220001],[-93.304622723,35.906772588],[-93.3089492129999,35.9065167590001],[-93.310801172,35.9019947690001],[-93.306780036,35.889932576],[-93.307085926,35.8816400010001],[-93.310171043,35.8718403820001],[-93.313567427,35.868066807],[-93.312339209,35.885660644],[-93.3172866049999,35.893447474],[-93.3234679459999,35.8969620450001],[-93.321925993,35.9019900050001],[-93.321929757,35.90877241],[-93.3234764709999,35.911283172],[-93.3265671079999,35.9112824530001],[-93.329656007,35.9087648940001],[-93.3311989489999,35.9060016540001],[-93.339209814,35.875839049],[-93.344760201,35.8647789390001],[-93.3475472329999,35.872567207],[-93.3543401429999,35.870046449],[-93.3595928459999,35.871548058],[-93.3663865839999,35.8700346040001],[-93.367627763,35.8748071520001],[-93.367010609,35.875560487],[-93.358052458,35.875570807],[-93.356200179,35.87658027],[-93.356205677,35.882109336],[-93.350956653,35.8848779580001],[-93.34756098,35.887896143],[-93.346019159,35.8911644720001],[-93.3460248969999,35.8974438070001],[-93.3488100979999,35.9019656880001],[-93.352827291,35.9019635920001],[-93.356533863,35.9004521460001],[-93.359620695,35.897686848],[-93.3608570069999,35.897933601],[-93.3608626119999,35.9029603180001],[-93.3593230019999,35.907988883],[-93.357162945,35.9112586090001],[-93.349129754,35.9132746010001],[-93.348205946,35.917044714],[-93.346353888,35.9193067740001],[-93.339866837,35.924589117],[-93.330288858,35.9303772580001],[-93.330598739,35.9316373460001],[-93.342655373,35.9321309520001],[-93.3476037519999,35.9346361730001],[-93.347604688,35.9356397220001],[-93.33029952,35.94596059],[-93.326279616,35.945710413],[-93.321640698,35.943954671],[-93.320095238,35.944456996],[-93.3200967239999,35.947723109],[-93.321953541,35.9507377910001],[-93.325974649,35.952750576],[-93.3337044849999,35.9517391970001],[-93.339886246,35.948466002],[-93.3414363699999,35.953239598],[-93.343910431,35.9534909920001],[-93.3448390309999,35.9547408720001],[-93.345460746,35.9585113890001],[-93.35041688,35.967053999],[-93.349490314,35.9680605020001],[-93.338974347,35.9678151370001],[-93.335880526,35.966812626],[-93.331242564,35.9685776920001],[-93.327221894,35.9685812870001],[-93.321040003,35.9761242270001],[-93.316092251,35.97813727],[-93.3120706029999,35.977886578],[-93.304336301,35.975380536],[-93.304335468,35.9728636580001],[-93.308354304,35.96658131],[-93.308353428,35.9643180640001],[-93.3071156399999,35.9633163870001],[-93.303406248,35.9675900770001],[-93.292272752,35.9746335770001],[-93.286705344,35.9766416420001],[-93.275880097,35.977151097],[-93.278353479,35.979662277],[-93.284231171,35.982675607],[-93.278044016,35.986697973],[-93.278043799,35.987706077],[-93.280209682,35.9889617470001],[-93.284231269,35.9884546480001],[-93.291965277,35.984682315],[-93.297843175,35.9846818410001],[-93.3080531429999,35.987943456],[-93.311148558,35.992213716],[-93.311462008,36.001762802],[-93.3127006449999,36.003774978],[-93.3210570429999,36.0067846700001],[-93.323534046,36.0087922540001],[-93.326322481,36.0138179630001],[-93.33654174,36.022353282],[-93.3377795389999,36.0221014410001],[-93.337158218,36.0190876200001],[-93.328486904,36.011051508],[-93.328484875,36.0077828830001],[-93.332505302,36.0045143290001],[-93.340551493,36.005512481],[-93.343645459,36.005003817],[-93.34364363,36.0027474560001],[-93.337446686,35.9924464910001],[-93.33373231,35.989938512],[-93.328473217,35.9904450060001],[-93.327234801,35.989187551],[-93.3281589549999,35.9826513200001],[-93.330941049,35.979886052],[-93.336816157,35.9768637110001],[-93.3417638189999,35.975103496],[-93.343619921,35.9753537730001],[-93.346405083,35.9768584460001],[-93.35569472,35.986398352],[-93.358478313,35.9858932660001],[-93.361569832,35.983628444],[-93.36342626,35.9838783920001],[-93.37054775,35.9891477520001],[-93.373952532,35.9904012430001],[-93.380448504,35.989892153],[-93.384467026,35.9873697630001],[-93.3869365959999,35.98359907],[-93.386933229,35.9813359020001],[-93.383216907,35.9783266600001],[-93.372696586,35.975823581],[-93.362487911,35.975084757],[-93.3615588009999,35.973828251],[-93.363407378,35.9672910130001],[-93.3671142059999,35.9635160020001],[-93.392783857,35.963487667],[-93.3927801789999,35.9612272100001],[-93.38937208,35.9569568750001],[-93.379473492,35.9549581850001],[-93.3732849579999,35.9519517840001],[-93.365244886,35.951456684],[-93.366475497,35.946180338],[-93.3658529099999,35.94265913],[-93.368939803,35.9386335930001],[-93.368312131,35.9305976650001],[-93.37015263,35.9187823610001],[-93.368914434,35.917273907],[-93.37076309,35.912748563],[-93.3775703859999,35.918773253],[-93.38406457,35.9212769050001],[-93.384695354,35.9303232410001],[-93.38624799,35.9350962550001],[-93.38779771,35.9376107140001],[-93.392748442,35.9406168410001],[-93.395220835,35.9398612680001],[-93.397996868,35.9355879980001],[-93.400158602,35.934324471],[-93.405722168,35.9335613100001],[-93.408809101,35.931043779],[-93.4137393089999,35.9222443370001],[-93.413422999,35.9182207690001],[-93.411563192,35.91520798],[-93.409395955,35.9132051080001],[-93.402594682,35.9119552990001],[-93.401045556,35.909699346],[-93.401352807,35.908442516],[-93.4056805769999,35.909188724],[-93.410315015,35.908428718],[-93.412473973,35.9061614550001],[-93.415554501,35.900628559],[-93.4204682549999,35.8847889560001],[-93.419539188,35.883535023],[-93.417685757,35.8837888950001],[-93.4112029789999,35.8865630830001],[-93.409348962,35.886313941],[-93.407490512,35.88330118],[-93.403471522,35.8818011000001],[-93.400073633,35.881803104],[-93.4040744879999,35.8730014060001],[-93.405617773,35.87224902],[-93.4136691479999,35.8757517230001],[-93.41519916,35.8754997950001],[-93.417048887,35.873485514],[-93.41642569,35.8704701410001],[-93.409617269,35.862941612],[-93.406829332,35.858172063],[-93.406502964,35.848123382],[-93.40309718,35.8423476460001],[-93.404948551,35.8418446410001],[-93.413288963,35.843841318],[-93.4216265589999,35.844328993],[-93.418861384,35.8516218440001],[-93.419179609,35.85664867],[-93.420728782,35.859407064],[-93.428769129,35.86467558],[-93.4287802539999,35.870200464],[-93.4343580679999,35.878988731],[-93.433130251,35.8825096460001],[-93.433144238,35.889291825],[-93.43469307,35.891300367],[-93.439018571,35.891293213],[-93.4461124539999,35.8857543330001],[-93.44611883,35.8885133750001],[-93.443659726,35.8943012330001],[-93.431617898,35.898342293],[-93.428228595,35.9031233960001],[-93.428541604,35.90513272],[-93.431946705,35.9081445740001],[-93.429171964,35.9111613260001],[-93.4285599,35.9141780640001],[-93.4325946989999,35.9224667670001],[-93.4322891909999,35.9242239880001],[-93.428901136,35.930259891],[-93.4249046739999,35.9415778540001],[-93.414716883,35.9498871590001],[-93.412867203,35.9529024780001],[-93.4131810649999,35.955417411],[-93.4141108919999,35.9566735110001],[-93.416584116,35.9564158370001],[-93.435419386,35.9428141700001],[-93.444060997,35.9357657140001],[-93.450223563,35.926956664],[-93.4582462669999,35.9209124820001],[-93.460102518,35.921661445],[-93.455798014,35.9312200460001],[-93.455807336,35.9352432750001],[-93.457048844,35.9372490850001],[-93.466322948,35.936977309],[-93.47188291,35.9352078100001],[-93.468496869,35.940746086],[-93.470050199,35.9440107610001],[-93.464171922,35.942258575],[-93.459225702,35.9425244880001],[-93.4564462769999,35.9437818810001],[-93.456148985,35.9488084700001],[-93.4512038189999,35.949821593],[-93.441940405,35.955621906],[-93.425896347,35.9734905180001],[-93.4354803429999,35.971718176],[-93.441357012,35.9717056170001],[-93.441977647,35.972961244],[-93.433647703,35.983027726],[-93.433963035,35.985791695],[-93.440471853,35.9913097350001],[-93.442025619,35.9945756560001],[-93.441408982,35.9955786680001],[-93.4367632,35.9933269850001],[-93.431194935,35.9938380040001],[-93.42563018,35.99585755],[-93.423463483,35.9956105410001],[-93.421914956,35.994861257],[-93.416641145,35.987075874],[-93.413547341,35.9870790850001],[-93.412002907,35.988339119],[-93.412010008,35.992360272],[-93.416972645,35.999139832],[-93.414199197,36.0051761],[-93.4188459489999,36.008434772],[-93.41482959,36.0117059040001],[-93.4145272169999,36.015479806],[-93.421961379,36.018983787],[-93.4235124419999,36.0207411750001],[-93.4179506579999,36.025775734],[-93.4151731429999,36.030305777],[-93.41362804,36.0315636070001],[-93.409912863,36.031316797],[-93.405885217,36.029313722],[-93.4012457279999,36.031580159],[-93.399077602,36.030832011],[-93.394098082,36.0137505870001],[-93.389149174,36.0155133580001],[-93.3894744569999,36.0260703870001],[-93.386691511,36.028083059],[-93.3848338939999,36.0278334870001],[-93.377398781,36.0230651470001],[-93.372756344,36.022820725],[-93.375856852,36.027342316],[-93.383605869,36.034870595],[-93.384227175,36.0368830940001],[-93.381135682,36.03964947],[-93.376493913,36.0409093260001],[-93.3802152659999,36.045932615],[-93.380219003,36.048446982],[-93.376816592,36.0512152850001],[-93.373411604,36.0519758730001],[-93.3659787239999,36.0504735650001],[-93.362882747,36.0509828420001],[-93.361339766,36.0555023210001],[-93.3597915569999,36.0555088350001],[-93.354213956,36.0519924500001],[-93.3504980229999,36.051494464],[-93.349569823,36.052247279],[-93.350190751,36.0540086600001],[-93.3585606409999,36.0627950040001],[-93.358873676,36.066062048],[-93.352993183,36.069840502]],[[-93.2669084249999,35.977153817],[-93.270311443,35.9746360300001],[-93.270930495,35.972374652],[-93.2690750529999,35.9708658690001],[-93.259176955,35.9711196820001],[-93.254538294,35.969614861],[-93.242784022,35.9708726980001],[-93.2369041589999,35.9771545780001],[-93.236903297,35.9786610190001],[-93.238758353,35.98017036],[-93.2452533919999,35.9824284910001],[-93.2613400289999,35.9799172780001],[-93.2669084249999,35.977153817]],[[-93.003179089,35.861540926],[-92.9969812849999,35.8670516070001],[-92.999131592,35.8700725520001],[-93.0053184179999,35.8675745580001],[-93.0056363419999,35.8650616990001],[-93.003179089,35.861540926]],[[-92.6608072669999,35.8449394080001],[-92.659574423,35.844680462],[-92.658297117,35.8496992710001],[-92.656110285,35.8527037970001],[-92.653009476,35.8541922860001],[-92.6529945729999,35.8559519940001],[-92.657950302,35.8542225890001],[-92.667220874,35.8535143500001],[-92.6770286079999,35.862613755],[-92.678265988,35.86236488],[-92.677983453,35.8590963280001],[-92.673691065,35.8553093100001],[-92.672795467,35.8515328510001],[-92.670953165,35.8502679970001],[-92.661708467,35.84795712],[-92.6608072669999,35.8449394080001]],[[-92.632094503,35.8445315980001],[-92.6352065199999,35.841784305],[-92.640463586,35.840809898],[-92.647247901,35.8418523500001],[-92.6475645629999,35.840847205],[-92.6429618069999,35.8375567800001],[-92.64018326,35.837541092],[-92.634308574,35.838514962],[-92.62687018,35.8417368990001],[-92.626861079,35.8427421320001],[-92.632094503,35.8445315980001]],[[-92.438391871,35.7716791560001],[-92.4380950789999,35.7706727930001],[-92.431309207,35.7706210750001],[-92.428210167,35.7718585920001],[-92.4228848129999,35.7788544800001],[-92.4197766,35.7808392150001],[-92.402800548,35.781465939],[-92.402539673,35.7774475260001],[-92.408851162,35.765431354],[-92.4082698619999,35.7624104990001],[-92.4058412429999,35.7591261000001],[-92.40429911,35.7591150050001],[-92.404206974,35.7669039470001],[-92.4026198829999,35.7706615210001],[-92.396058685,35.777645756],[-92.395698922,35.7819188060001],[-92.3975292489999,35.7836886950001],[-92.403369894,35.7854906110001],[-92.414793732,35.7848254690001],[-92.4233911649999,35.7884075260001],[-92.4255511329999,35.788422444],[-92.427108048,35.7871763160001],[-92.433410669,35.77566627],[-92.438391871,35.7716791560001]],[[-92.359375827,35.750473287],[-92.355599969,35.756476612],[-92.35189323,35.7569489480001],[-92.343067573,35.747580355],[-92.341805468,35.749827521],[-92.347830362,35.7611866330001],[-92.347801967,35.763448947],[-92.3446348909999,35.7699549800001],[-92.345065123,35.7847856390001],[-92.3486470239999,35.794360899],[-92.349874834,35.794872426],[-92.3517575229999,35.792377818],[-92.351905729,35.7805663730001],[-92.3504765179999,35.771510472],[-92.351128084,35.76874938],[-92.353019901,35.7654985950001],[-92.359565549,35.760023135],[-92.3614501869999,35.757275072],[-92.363711376,35.748999525],[-92.361864608,35.748732863],[-92.359375827,35.750473287]],[[-92.599866456,35.823490771],[-92.6017183549999,35.8235041620001],[-92.602969199,35.821750293],[-92.600516161,35.8199760590001],[-92.599272539,35.8209737490001],[-92.599866456,35.823490771]],[[-92.6057637599999,35.820006483],[-92.611925161,35.821299792],[-92.612551222,35.8203016750001],[-92.611019712,35.819033769],[-92.606389893,35.8190085210001],[-92.6057637599999,35.820006483]],[[-92.645764607,35.870743503],[-92.6426437699999,35.874492425],[-92.642943878,35.875500635],[-92.650370134,35.8740312730001],[-92.654439971,35.867522283],[-92.645764607,35.870743503]]]},"properties":{"OBJECTID":102058,"MapUnit":"PNse","IdentityConfidence":"certain","Label":null,"Symbol":"604","DataSourceID":"1032","Notes":null,"MapUnitPolys_ID":"8_102058","MapSourceID":"map49","Source_MapUnit":"49|PNhc","Name":"Sedimentary rocks","Age":"Early Pennsylvanian","color_rgba":[128,179,255,255],"fill":"#80b3ff","fillOpacity":1.0}}]}